email,forenames,surname
person1@dummy.com,Forename-1,Surname-1
person2@dummy.com,Forename-2,Surname-2
person3@dummy.com,Forename-3,Surname-3
person4@dummy.com,Forename-4,Surname-4
person5@dummy.com,Forename-5,Surname-5
person6@dummy.com,Forename-6,Surname-6
person7@dummy.com,Forename-7,Surname-7
person8@dummy.com,Forename-8,Surname-8
person9@dummy.com,Forename-9,Surname-9
person10@dummy.com,Forename-10,Surname-10
person11@dummy.com,Forename-11,Surname-11
person12@dummy.com,Forename-12,Surname-12
person13@dummy.com,Forename-13,Surname-13
person14@dummy.com,Forename-14,Surname-14
person15@dummy.com,Forename-15,Surname-15
person16@dummy.com,Forename-16,Surname-16
person17@dummy.com,Forename-17,Surname-17
person18@dummy.com,Forename-18,Surname-18
person19@dummy.com,Forename-19,Surname-19
person20@dummy.com,Forename-20,Surname-20
person21@dummy.com,Forename-21,Surname-21
person22@dummy.com,Forename-22,Surname-22
person23@dummy.com,Forename-23,Surname-23
person24@dummy.com,Forename-24,Surname-24
person25@dummy.com,Forename-25,Surname-25
person26@dummy.com,Forename-26,Surname-26
person27@dummy.com,Forename-27,Surname-27
person28@dummy.com,Forename-28,Surname-28
person29@dummy.com,Forename-29,Surname-29
person30@dummy.com,Forename-30,Surname-30
person31@dummy.com,Forename-31,Surname-31
person32@dummy.com,Forename-32,Surname-32
person33@dummy.com,Forename-33,Surname-33
person34@dummy.com,Forename-34,Surname-34
person35@dummy.com,Forename-35,Surname-35
person36@dummy.com,Forename-36,Surname-36
person37@dummy.com,Forename-37,Surname-37
person38@dummy.com,Forename-38,Surname-38
person39@dummy.com,Forename-39,Surname-39
person40@dummy.com,Forename-40,Surname-40
person41@dummy.com,Forename-41,Surname-41
person42@dummy.com,Forename-42,Surname-42
person43@dummy.com,Forename-43,Surname-43
person44@dummy.com,Forename-44,Surname-44
person45@dummy.com,Forename-45,Surname-45
person46@dummy.com,Forename-46,Surname-46
person47@dummy.com,Forename-47,Surname-47
person48@dummy.com,Forename-48,Surname-48
person49@dummy.com,Forename-49,Surname-49
person50@dummy.com,Forename-50,Surname-50
person51@dummy.com,Forename-51,Surname-51
person52@dummy.com,Forename-52,Surname-52
person53@dummy.com,Forename-53,Surname-53
person54@dummy.com,Forename-54,Surname-54
person55@dummy.com,Forename-55,Surname-55
person56@dummy.com,Forename-56,Surname-56
person57@dummy.com,Forename-57,Surname-57
person58@dummy.com,Forename-58,Surname-58
person59@dummy.com,Forename-59,Surname-59
person60@dummy.com,Forename-60,Surname-60
person61@dummy.com,Forename-61,Surname-61
person62@dummy.com,Forename-62,Surname-62
person63@dummy.com,Forename-63,Surname-63
person64@dummy.com,Forename-64,Surname-64
person65@dummy.com,Forename-65,Surname-65
person66@dummy.com,Forename-66,Surname-66
person67@dummy.com,Forename-67,Surname-67
person68@dummy.com,Forename-68,Surname-68
person69@dummy.com,Forename-69,Surname-69
person70@dummy.com,Forename-70,Surname-70
person71@dummy.com,Forename-71,Surname-71
person72@dummy.com,Forename-72,Surname-72
person73@dummy.com,Forename-73,Surname-73
person74@dummy.com,Forename-74,Surname-74
person75@dummy.com,Forename-75,Surname-75
person76@dummy.com,Forename-76,Surname-76
person77@dummy.com,Forename-77,Surname-77
person78@dummy.com,Forename-78,Surname-78
person79@dummy.com,Forename-79,Surname-79
person80@dummy.com,Forename-80,Surname-80
person81@dummy.com,Forename-81,Surname-81
person82@dummy.com,Forename-82,Surname-82
person83@dummy.com,Forename-83,Surname-83
person84@dummy.com,Forename-84,Surname-84
person85@dummy.com,Forename-85,Surname-85
person86@dummy.com,Forename-86,Surname-86
person87@dummy.com,Forename-87,Surname-87
person88@dummy.com,Forename-88,Surname-88
person89@dummy.com,Forename-89,Surname-89
person90@dummy.com,Forename-90,Surname-90
person91@dummy.com,Forename-91,Surname-91
person92@dummy.com,Forename-92,Surname-92
person93@dummy.com,Forename-93,Surname-93
person94@dummy.com,Forename-94,Surname-94
person95@dummy.com,Forename-95,Surname-95
person96@dummy.com,Forename-96,Surname-96
person97@dummy.com,Forename-97,Surname-97
person98@dummy.com,Forename-98,Surname-98
person99@dummy.com,Forename-99,Surname-99
person100@dummy.com,Forename-100,Surname-100
person101@dummy.com,Forename-101,Surname-101
person102@dummy.com,Forename-102,Surname-102
person103@dummy.com,Forename-103,Surname-103
person104@dummy.com,Forename-104,Surname-104
person105@dummy.com,Forename-105,Surname-105
person106@dummy.com,Forename-106,Surname-106
person107@dummy.com,Forename-107,Surname-107
person108@dummy.com,Forename-108,Surname-108
person109@dummy.com,Forename-109,Surname-109
person110@dummy.com,Forename-110,Surname-110
person111@dummy.com,Forename-111,Surname-111
person112@dummy.com,Forename-112,Surname-112
person113@dummy.com,Forename-113,Surname-113
person114@dummy.com,Forename-114,Surname-114
person115@dummy.com,Forename-115,Surname-115
person116@dummy.com,Forename-116,Surname-116
person117@dummy.com,Forename-117,Surname-117
person118@dummy.com,Forename-118,Surname-118
person119@dummy.com,Forename-119,Surname-119
person120@dummy.com,Forename-120,Surname-120
person121@dummy.com,Forename-121,Surname-121
person122@dummy.com,Forename-122,Surname-122
person123@dummy.com,Forename-123,Surname-123
person124@dummy.com,Forename-124,Surname-124
person125@dummy.com,Forename-125,Surname-125
person126@dummy.com,Forename-126,Surname-126
person127@dummy.com,Forename-127,Surname-127
person128@dummy.com,Forename-128,Surname-128
person129@dummy.com,Forename-129,Surname-129
person130@dummy.com,Forename-130,Surname-130
person131@dummy.com,Forename-131,Surname-131
person132@dummy.com,Forename-132,Surname-132
person133@dummy.com,Forename-133,Surname-133
person134@dummy.com,Forename-134,Surname-134
person135@dummy.com,Forename-135,Surname-135
person136@dummy.com,Forename-136,Surname-136
person137@dummy.com,Forename-137,Surname-137
person138@dummy.com,Forename-138,Surname-138
person139@dummy.com,Forename-139,Surname-139
person140@dummy.com,Forename-140,Surname-140
person141@dummy.com,Forename-141,Surname-141
person142@dummy.com,Forename-142,Surname-142
person143@dummy.com,Forename-143,Surname-143
person144@dummy.com,Forename-144,Surname-144
person145@dummy.com,Forename-145,Surname-145
person146@dummy.com,Forename-146,Surname-146
person147@dummy.com,Forename-147,Surname-147
person148@dummy.com,Forename-148,Surname-148
person149@dummy.com,Forename-149,Surname-149
person150@dummy.com,Forename-150,Surname-150
person151@dummy.com,Forename-151,Surname-151
person152@dummy.com,Forename-152,Surname-152
person153@dummy.com,Forename-153,Surname-153
person154@dummy.com,Forename-154,Surname-154
person155@dummy.com,Forename-155,Surname-155
person156@dummy.com,Forename-156,Surname-156
person157@dummy.com,Forename-157,Surname-157
person158@dummy.com,Forename-158,Surname-158
person159@dummy.com,Forename-159,Surname-159
person160@dummy.com,Forename-160,Surname-160
person161@dummy.com,Forename-161,Surname-161
person162@dummy.com,Forename-162,Surname-162
person163@dummy.com,Forename-163,Surname-163
person164@dummy.com,Forename-164,Surname-164
person165@dummy.com,Forename-165,Surname-165
person166@dummy.com,Forename-166,Surname-166
person167@dummy.com,Forename-167,Surname-167
person168@dummy.com,Forename-168,Surname-168
person169@dummy.com,Forename-169,Surname-169
person170@dummy.com,Forename-170,Surname-170
person171@dummy.com,Forename-171,Surname-171
person172@dummy.com,Forename-172,Surname-172
person173@dummy.com,Forename-173,Surname-173
person174@dummy.com,Forename-174,Surname-174
person175@dummy.com,Forename-175,Surname-175
person176@dummy.com,Forename-176,Surname-176
person177@dummy.com,Forename-177,Surname-177
person178@dummy.com,Forename-178,Surname-178
person179@dummy.com,Forename-179,Surname-179
person180@dummy.com,Forename-180,Surname-180
person181@dummy.com,Forename-181,Surname-181
person182@dummy.com,Forename-182,Surname-182
person183@dummy.com,Forename-183,Surname-183
person184@dummy.com,Forename-184,Surname-184
person185@dummy.com,Forename-185,Surname-185
person186@dummy.com,Forename-186,Surname-186
person187@dummy.com,Forename-187,Surname-187
person188@dummy.com,Forename-188,Surname-188
person189@dummy.com,Forename-189,Surname-189
person190@dummy.com,Forename-190,Surname-190
person191@dummy.com,Forename-191,Surname-191
person192@dummy.com,Forename-192,Surname-192
person193@dummy.com,Forename-193,Surname-193
person194@dummy.com,Forename-194,Surname-194
person195@dummy.com,Forename-195,Surname-195
person196@dummy.com,Forename-196,Surname-196
person197@dummy.com,Forename-197,Surname-197
person198@dummy.com,Forename-198,Surname-198
person199@dummy.com,Forename-199,Surname-199
person200@dummy.com,Forename-200,Surname-200
person201@dummy.com,Forename-201,Surname-201
person202@dummy.com,Forename-202,Surname-202
person203@dummy.com,Forename-203,Surname-203
person204@dummy.com,Forename-204,Surname-204
person205@dummy.com,Forename-205,Surname-205
person206@dummy.com,Forename-206,Surname-206
person207@dummy.com,Forename-207,Surname-207
person208@dummy.com,Forename-208,Surname-208
person209@dummy.com,Forename-209,Surname-209
person210@dummy.com,Forename-210,Surname-210
person211@dummy.com,Forename-211,Surname-211
person212@dummy.com,Forename-212,Surname-212
person213@dummy.com,Forename-213,Surname-213
person214@dummy.com,Forename-214,Surname-214
person215@dummy.com,Forename-215,Surname-215
person216@dummy.com,Forename-216,Surname-216
person217@dummy.com,Forename-217,Surname-217
person218@dummy.com,Forename-218,Surname-218
person219@dummy.com,Forename-219,Surname-219
person220@dummy.com,Forename-220,Surname-220
person221@dummy.com,Forename-221,Surname-221
person222@dummy.com,Forename-222,Surname-222
person223@dummy.com,Forename-223,Surname-223
person224@dummy.com,Forename-224,Surname-224
person225@dummy.com,Forename-225,Surname-225
person226@dummy.com,Forename-226,Surname-226
person227@dummy.com,Forename-227,Surname-227
person228@dummy.com,Forename-228,Surname-228
person229@dummy.com,Forename-229,Surname-229
person230@dummy.com,Forename-230,Surname-230
person231@dummy.com,Forename-231,Surname-231
person232@dummy.com,Forename-232,Surname-232
person233@dummy.com,Forename-233,Surname-233
person234@dummy.com,Forename-234,Surname-234
person235@dummy.com,Forename-235,Surname-235
person236@dummy.com,Forename-236,Surname-236
person237@dummy.com,Forename-237,Surname-237
person238@dummy.com,Forename-238,Surname-238
person239@dummy.com,Forename-239,Surname-239
person240@dummy.com,Forename-240,Surname-240
person241@dummy.com,Forename-241,Surname-241
person242@dummy.com,Forename-242,Surname-242
person243@dummy.com,Forename-243,Surname-243
person244@dummy.com,Forename-244,Surname-244
person245@dummy.com,Forename-245,Surname-245
person246@dummy.com,Forename-246,Surname-246
person247@dummy.com,Forename-247,Surname-247
person248@dummy.com,Forename-248,Surname-248
person249@dummy.com,Forename-249,Surname-249
person250@dummy.com,Forename-250,Surname-250
person251@dummy.com,Forename-251,Surname-251
person252@dummy.com,Forename-252,Surname-252
person253@dummy.com,Forename-253,Surname-253
person254@dummy.com,Forename-254,Surname-254
person255@dummy.com,Forename-255,Surname-255
person256@dummy.com,Forename-256,Surname-256
person257@dummy.com,Forename-257,Surname-257
person258@dummy.com,Forename-258,Surname-258
person259@dummy.com,Forename-259,Surname-259
person260@dummy.com,Forename-260,Surname-260
person261@dummy.com,Forename-261,Surname-261
person262@dummy.com,Forename-262,Surname-262
person263@dummy.com,Forename-263,Surname-263
person264@dummy.com,Forename-264,Surname-264
person265@dummy.com,Forename-265,Surname-265
person266@dummy.com,Forename-266,Surname-266
person267@dummy.com,Forename-267,Surname-267
person268@dummy.com,Forename-268,Surname-268
person269@dummy.com,Forename-269,Surname-269
person270@dummy.com,Forename-270,Surname-270
person271@dummy.com,Forename-271,Surname-271
person272@dummy.com,Forename-272,Surname-272
person273@dummy.com,Forename-273,Surname-273
person274@dummy.com,Forename-274,Surname-274
person275@dummy.com,Forename-275,Surname-275
person276@dummy.com,Forename-276,Surname-276
person277@dummy.com,Forename-277,Surname-277
person278@dummy.com,Forename-278,Surname-278
person279@dummy.com,Forename-279,Surname-279
person280@dummy.com,Forename-280,Surname-280
person281@dummy.com,Forename-281,Surname-281
person282@dummy.com,Forename-282,Surname-282
person283@dummy.com,Forename-283,Surname-283
person284@dummy.com,Forename-284,Surname-284
person285@dummy.com,Forename-285,Surname-285
person286@dummy.com,Forename-286,Surname-286
person287@dummy.com,Forename-287,Surname-287
person288@dummy.com,Forename-288,Surname-288
person289@dummy.com,Forename-289,Surname-289
person290@dummy.com,Forename-290,Surname-290
person291@dummy.com,Forename-291,Surname-291
person292@dummy.com,Forename-292,Surname-292
person293@dummy.com,Forename-293,Surname-293
person294@dummy.com,Forename-294,Surname-294
person295@dummy.com,Forename-295,Surname-295
person296@dummy.com,Forename-296,Surname-296
person297@dummy.com,Forename-297,Surname-297
person298@dummy.com,Forename-298,Surname-298
person299@dummy.com,Forename-299,Surname-299
person300@dummy.com,Forename-300,Surname-300
person301@dummy.com,Forename-301,Surname-301
person302@dummy.com,Forename-302,Surname-302
person303@dummy.com,Forename-303,Surname-303
person304@dummy.com,Forename-304,Surname-304
person305@dummy.com,Forename-305,Surname-305
person306@dummy.com,Forename-306,Surname-306
person307@dummy.com,Forename-307,Surname-307
person308@dummy.com,Forename-308,Surname-308
person309@dummy.com,Forename-309,Surname-309
person310@dummy.com,Forename-310,Surname-310
person311@dummy.com,Forename-311,Surname-311
person312@dummy.com,Forename-312,Surname-312
person313@dummy.com,Forename-313,Surname-313
person314@dummy.com,Forename-314,Surname-314
person315@dummy.com,Forename-315,Surname-315
person316@dummy.com,Forename-316,Surname-316
person317@dummy.com,Forename-317,Surname-317
person318@dummy.com,Forename-318,Surname-318
person319@dummy.com,Forename-319,Surname-319
person320@dummy.com,Forename-320,Surname-320
person321@dummy.com,Forename-321,Surname-321
person322@dummy.com,Forename-322,Surname-322
person323@dummy.com,Forename-323,Surname-323
person324@dummy.com,Forename-324,Surname-324
person325@dummy.com,Forename-325,Surname-325
person326@dummy.com,Forename-326,Surname-326
person327@dummy.com,Forename-327,Surname-327
person328@dummy.com,Forename-328,Surname-328
person329@dummy.com,Forename-329,Surname-329
person330@dummy.com,Forename-330,Surname-330
person331@dummy.com,Forename-331,Surname-331
person332@dummy.com,Forename-332,Surname-332
person333@dummy.com,Forename-333,Surname-333
person334@dummy.com,Forename-334,Surname-334
person335@dummy.com,Forename-335,Surname-335
person336@dummy.com,Forename-336,Surname-336
person337@dummy.com,Forename-337,Surname-337
person338@dummy.com,Forename-338,Surname-338
person339@dummy.com,Forename-339,Surname-339
person340@dummy.com,Forename-340,Surname-340
person341@dummy.com,Forename-341,Surname-341
person342@dummy.com,Forename-342,Surname-342
person343@dummy.com,Forename-343,Surname-343
person344@dummy.com,Forename-344,Surname-344
person345@dummy.com,Forename-345,Surname-345
person346@dummy.com,Forename-346,Surname-346
person347@dummy.com,Forename-347,Surname-347
person348@dummy.com,Forename-348,Surname-348
person349@dummy.com,Forename-349,Surname-349
person350@dummy.com,Forename-350,Surname-350
person351@dummy.com,Forename-351,Surname-351
person352@dummy.com,Forename-352,Surname-352
person353@dummy.com,Forename-353,Surname-353
person354@dummy.com,Forename-354,Surname-354
person355@dummy.com,Forename-355,Surname-355
person356@dummy.com,Forename-356,Surname-356
person357@dummy.com,Forename-357,Surname-357
person358@dummy.com,Forename-358,Surname-358
person359@dummy.com,Forename-359,Surname-359
person360@dummy.com,Forename-360,Surname-360
person361@dummy.com,Forename-361,Surname-361
person362@dummy.com,Forename-362,Surname-362
person363@dummy.com,Forename-363,Surname-363
person364@dummy.com,Forename-364,Surname-364
person365@dummy.com,Forename-365,Surname-365
person366@dummy.com,Forename-366,Surname-366
person367@dummy.com,Forename-367,Surname-367
person368@dummy.com,Forename-368,Surname-368
person369@dummy.com,Forename-369,Surname-369
person370@dummy.com,Forename-370,Surname-370
person371@dummy.com,Forename-371,Surname-371
person372@dummy.com,Forename-372,Surname-372
person373@dummy.com,Forename-373,Surname-373
person374@dummy.com,Forename-374,Surname-374
person375@dummy.com,Forename-375,Surname-375
person376@dummy.com,Forename-376,Surname-376
person377@dummy.com,Forename-377,Surname-377
person378@dummy.com,Forename-378,Surname-378
person379@dummy.com,Forename-379,Surname-379
person380@dummy.com,Forename-380,Surname-380
person381@dummy.com,Forename-381,Surname-381
person382@dummy.com,Forename-382,Surname-382
person383@dummy.com,Forename-383,Surname-383
person384@dummy.com,Forename-384,Surname-384
person385@dummy.com,Forename-385,Surname-385
person386@dummy.com,Forename-386,Surname-386
person387@dummy.com,Forename-387,Surname-387
person388@dummy.com,Forename-388,Surname-388
person389@dummy.com,Forename-389,Surname-389
person390@dummy.com,Forename-390,Surname-390
person391@dummy.com,Forename-391,Surname-391
person392@dummy.com,Forename-392,Surname-392
person393@dummy.com,Forename-393,Surname-393
person394@dummy.com,Forename-394,Surname-394
person395@dummy.com,Forename-395,Surname-395
person396@dummy.com,Forename-396,Surname-396
person397@dummy.com,Forename-397,Surname-397
person398@dummy.com,Forename-398,Surname-398
person399@dummy.com,Forename-399,Surname-399
person400@dummy.com,Forename-400,Surname-400
person401@dummy.com,Forename-401,Surname-401
person402@dummy.com,Forename-402,Surname-402
person403@dummy.com,Forename-403,Surname-403
person404@dummy.com,Forename-404,Surname-404
person405@dummy.com,Forename-405,Surname-405
person406@dummy.com,Forename-406,Surname-406
person407@dummy.com,Forename-407,Surname-407
person408@dummy.com,Forename-408,Surname-408
person409@dummy.com,Forename-409,Surname-409
person410@dummy.com,Forename-410,Surname-410
person411@dummy.com,Forename-411,Surname-411
person412@dummy.com,Forename-412,Surname-412
person413@dummy.com,Forename-413,Surname-413
person414@dummy.com,Forename-414,Surname-414
person415@dummy.com,Forename-415,Surname-415
person416@dummy.com,Forename-416,Surname-416
person417@dummy.com,Forename-417,Surname-417
person418@dummy.com,Forename-418,Surname-418
person419@dummy.com,Forename-419,Surname-419
person420@dummy.com,Forename-420,Surname-420
person421@dummy.com,Forename-421,Surname-421
person422@dummy.com,Forename-422,Surname-422
person423@dummy.com,Forename-423,Surname-423
person424@dummy.com,Forename-424,Surname-424
person425@dummy.com,Forename-425,Surname-425
person426@dummy.com,Forename-426,Surname-426
person427@dummy.com,Forename-427,Surname-427
person428@dummy.com,Forename-428,Surname-428
person429@dummy.com,Forename-429,Surname-429
person430@dummy.com,Forename-430,Surname-430
person431@dummy.com,Forename-431,Surname-431
person432@dummy.com,Forename-432,Surname-432
person433@dummy.com,Forename-433,Surname-433
person434@dummy.com,Forename-434,Surname-434
person435@dummy.com,Forename-435,Surname-435
person436@dummy.com,Forename-436,Surname-436
person437@dummy.com,Forename-437,Surname-437
person438@dummy.com,Forename-438,Surname-438
person439@dummy.com,Forename-439,Surname-439
person440@dummy.com,Forename-440,Surname-440
person441@dummy.com,Forename-441,Surname-441
person442@dummy.com,Forename-442,Surname-442
person443@dummy.com,Forename-443,Surname-443
person444@dummy.com,Forename-444,Surname-444
person445@dummy.com,Forename-445,Surname-445
person446@dummy.com,Forename-446,Surname-446
person447@dummy.com,Forename-447,Surname-447
person448@dummy.com,Forename-448,Surname-448
person449@dummy.com,Forename-449,Surname-449
person450@dummy.com,Forename-450,Surname-450
person451@dummy.com,Forename-451,Surname-451
person452@dummy.com,Forename-452,Surname-452
person453@dummy.com,Forename-453,Surname-453
person454@dummy.com,Forename-454,Surname-454
person455@dummy.com,Forename-455,Surname-455
person456@dummy.com,Forename-456,Surname-456
person457@dummy.com,Forename-457,Surname-457
person458@dummy.com,Forename-458,Surname-458
person459@dummy.com,Forename-459,Surname-459
person460@dummy.com,Forename-460,Surname-460
person461@dummy.com,Forename-461,Surname-461
person462@dummy.com,Forename-462,Surname-462
person463@dummy.com,Forename-463,Surname-463
person464@dummy.com,Forename-464,Surname-464
person465@dummy.com,Forename-465,Surname-465
person466@dummy.com,Forename-466,Surname-466
person467@dummy.com,Forename-467,Surname-467
person468@dummy.com,Forename-468,Surname-468
person469@dummy.com,Forename-469,Surname-469
person470@dummy.com,Forename-470,Surname-470
person471@dummy.com,Forename-471,Surname-471
person472@dummy.com,Forename-472,Surname-472
person473@dummy.com,Forename-473,Surname-473
person474@dummy.com,Forename-474,Surname-474
person475@dummy.com,Forename-475,Surname-475
person476@dummy.com,Forename-476,Surname-476
person477@dummy.com,Forename-477,Surname-477
person478@dummy.com,Forename-478,Surname-478
person479@dummy.com,Forename-479,Surname-479
person480@dummy.com,Forename-480,Surname-480
person481@dummy.com,Forename-481,Surname-481
person482@dummy.com,Forename-482,Surname-482
person483@dummy.com,Forename-483,Surname-483
person484@dummy.com,Forename-484,Surname-484
person485@dummy.com,Forename-485,Surname-485
person486@dummy.com,Forename-486,Surname-486
person487@dummy.com,Forename-487,Surname-487
person488@dummy.com,Forename-488,Surname-488
person489@dummy.com,Forename-489,Surname-489
person490@dummy.com,Forename-490,Surname-490
person491@dummy.com,Forename-491,Surname-491
person492@dummy.com,Forename-492,Surname-492
person493@dummy.com,Forename-493,Surname-493
person494@dummy.com,Forename-494,Surname-494
person495@dummy.com,Forename-495,Surname-495
person496@dummy.com,Forename-496,Surname-496
person497@dummy.com,Forename-497,Surname-497
person498@dummy.com,Forename-498,Surname-498
person499@dummy.com,Forename-499,Surname-499
person500@dummy.com,Forename-500,Surname-500
person501@dummy.com,Forename-501,Surname-501
person502@dummy.com,Forename-502,Surname-502
person503@dummy.com,Forename-503,Surname-503
person504@dummy.com,Forename-504,Surname-504
person505@dummy.com,Forename-505,Surname-505
person506@dummy.com,Forename-506,Surname-506
person507@dummy.com,Forename-507,Surname-507
person508@dummy.com,Forename-508,Surname-508
person509@dummy.com,Forename-509,Surname-509
person510@dummy.com,Forename-510,Surname-510
person511@dummy.com,Forename-511,Surname-511
person512@dummy.com,Forename-512,Surname-512
person513@dummy.com,Forename-513,Surname-513
person514@dummy.com,Forename-514,Surname-514
person515@dummy.com,Forename-515,Surname-515
person516@dummy.com,Forename-516,Surname-516
person517@dummy.com,Forename-517,Surname-517
person518@dummy.com,Forename-518,Surname-518
person519@dummy.com,Forename-519,Surname-519
person520@dummy.com,Forename-520,Surname-520
person521@dummy.com,Forename-521,Surname-521
person522@dummy.com,Forename-522,Surname-522
person523@dummy.com,Forename-523,Surname-523
person524@dummy.com,Forename-524,Surname-524
person525@dummy.com,Forename-525,Surname-525
person526@dummy.com,Forename-526,Surname-526
person527@dummy.com,Forename-527,Surname-527
person528@dummy.com,Forename-528,Surname-528
person529@dummy.com,Forename-529,Surname-529
person530@dummy.com,Forename-530,Surname-530
person531@dummy.com,Forename-531,Surname-531
person532@dummy.com,Forename-532,Surname-532
person533@dummy.com,Forename-533,Surname-533
person534@dummy.com,Forename-534,Surname-534
person535@dummy.com,Forename-535,Surname-535
person536@dummy.com,Forename-536,Surname-536
person537@dummy.com,Forename-537,Surname-537
person538@dummy.com,Forename-538,Surname-538
person539@dummy.com,Forename-539,Surname-539
person540@dummy.com,Forename-540,Surname-540
person541@dummy.com,Forename-541,Surname-541
person542@dummy.com,Forename-542,Surname-542
person543@dummy.com,Forename-543,Surname-543
person544@dummy.com,Forename-544,Surname-544
person545@dummy.com,Forename-545,Surname-545
person546@dummy.com,Forename-546,Surname-546
person547@dummy.com,Forename-547,Surname-547
person548@dummy.com,Forename-548,Surname-548
person549@dummy.com,Forename-549,Surname-549
person550@dummy.com,Forename-550,Surname-550
person551@dummy.com,Forename-551,Surname-551
person552@dummy.com,Forename-552,Surname-552
person553@dummy.com,Forename-553,Surname-553
person554@dummy.com,Forename-554,Surname-554
person555@dummy.com,Forename-555,Surname-555
person556@dummy.com,Forename-556,Surname-556
person557@dummy.com,Forename-557,Surname-557
person558@dummy.com,Forename-558,Surname-558
person559@dummy.com,Forename-559,Surname-559
person560@dummy.com,Forename-560,Surname-560
person561@dummy.com,Forename-561,Surname-561
person562@dummy.com,Forename-562,Surname-562
person563@dummy.com,Forename-563,Surname-563
person564@dummy.com,Forename-564,Surname-564
person565@dummy.com,Forename-565,Surname-565
person566@dummy.com,Forename-566,Surname-566
person567@dummy.com,Forename-567,Surname-567
person568@dummy.com,Forename-568,Surname-568
person569@dummy.com,Forename-569,Surname-569
person570@dummy.com,Forename-570,Surname-570
person571@dummy.com,Forename-571,Surname-571
person572@dummy.com,Forename-572,Surname-572
person573@dummy.com,Forename-573,Surname-573
person574@dummy.com,Forename-574,Surname-574
person575@dummy.com,Forename-575,Surname-575
person576@dummy.com,Forename-576,Surname-576
person577@dummy.com,Forename-577,Surname-577
person578@dummy.com,Forename-578,Surname-578
person579@dummy.com,Forename-579,Surname-579
person580@dummy.com,Forename-580,Surname-580
person581@dummy.com,Forename-581,Surname-581
person582@dummy.com,Forename-582,Surname-582
person583@dummy.com,Forename-583,Surname-583
person584@dummy.com,Forename-584,Surname-584
person585@dummy.com,Forename-585,Surname-585
person586@dummy.com,Forename-586,Surname-586
person587@dummy.com,Forename-587,Surname-587
person588@dummy.com,Forename-588,Surname-588
person589@dummy.com,Forename-589,Surname-589
person590@dummy.com,Forename-590,Surname-590
person591@dummy.com,Forename-591,Surname-591
person592@dummy.com,Forename-592,Surname-592
person593@dummy.com,Forename-593,Surname-593
person594@dummy.com,Forename-594,Surname-594
person595@dummy.com,Forename-595,Surname-595
person596@dummy.com,Forename-596,Surname-596
person597@dummy.com,Forename-597,Surname-597
person598@dummy.com,Forename-598,Surname-598
person599@dummy.com,Forename-599,Surname-599
person600@dummy.com,Forename-600,Surname-600
person601@dummy.com,Forename-601,Surname-601
person602@dummy.com,Forename-602,Surname-602
person603@dummy.com,Forename-603,Surname-603
person604@dummy.com,Forename-604,Surname-604
person605@dummy.com,Forename-605,Surname-605
person606@dummy.com,Forename-606,Surname-606
person607@dummy.com,Forename-607,Surname-607
person608@dummy.com,Forename-608,Surname-608
person609@dummy.com,Forename-609,Surname-609
person610@dummy.com,Forename-610,Surname-610
person611@dummy.com,Forename-611,Surname-611
person612@dummy.com,Forename-612,Surname-612
person613@dummy.com,Forename-613,Surname-613
person614@dummy.com,Forename-614,Surname-614
person615@dummy.com,Forename-615,Surname-615
person616@dummy.com,Forename-616,Surname-616
person617@dummy.com,Forename-617,Surname-617
person618@dummy.com,Forename-618,Surname-618
person619@dummy.com,Forename-619,Surname-619
person620@dummy.com,Forename-620,Surname-620
person621@dummy.com,Forename-621,Surname-621
person622@dummy.com,Forename-622,Surname-622
person623@dummy.com,Forename-623,Surname-623
person624@dummy.com,Forename-624,Surname-624
person625@dummy.com,Forename-625,Surname-625
person626@dummy.com,Forename-626,Surname-626
person627@dummy.com,Forename-627,Surname-627
person628@dummy.com,Forename-628,Surname-628
person629@dummy.com,Forename-629,Surname-629
person630@dummy.com,Forename-630,Surname-630
person631@dummy.com,Forename-631,Surname-631
person632@dummy.com,Forename-632,Surname-632
person633@dummy.com,Forename-633,Surname-633
person634@dummy.com,Forename-634,Surname-634
person635@dummy.com,Forename-635,Surname-635
person636@dummy.com,Forename-636,Surname-636
person637@dummy.com,Forename-637,Surname-637
person638@dummy.com,Forename-638,Surname-638
person639@dummy.com,Forename-639,Surname-639
person640@dummy.com,Forename-640,Surname-640
person641@dummy.com,Forename-641,Surname-641
person642@dummy.com,Forename-642,Surname-642
person643@dummy.com,Forename-643,Surname-643
person644@dummy.com,Forename-644,Surname-644
person645@dummy.com,Forename-645,Surname-645
person646@dummy.com,Forename-646,Surname-646
person647@dummy.com,Forename-647,Surname-647
person648@dummy.com,Forename-648,Surname-648
person649@dummy.com,Forename-649,Surname-649
person650@dummy.com,Forename-650,Surname-650
person651@dummy.com,Forename-651,Surname-651
person652@dummy.com,Forename-652,Surname-652
person653@dummy.com,Forename-653,Surname-653
person654@dummy.com,Forename-654,Surname-654
person655@dummy.com,Forename-655,Surname-655
person656@dummy.com,Forename-656,Surname-656
person657@dummy.com,Forename-657,Surname-657
person658@dummy.com,Forename-658,Surname-658
person659@dummy.com,Forename-659,Surname-659
person660@dummy.com,Forename-660,Surname-660
person661@dummy.com,Forename-661,Surname-661
person662@dummy.com,Forename-662,Surname-662
person663@dummy.com,Forename-663,Surname-663
person664@dummy.com,Forename-664,Surname-664
person665@dummy.com,Forename-665,Surname-665
person666@dummy.com,Forename-666,Surname-666
person667@dummy.com,Forename-667,Surname-667
person668@dummy.com,Forename-668,Surname-668
person669@dummy.com,Forename-669,Surname-669
person670@dummy.com,Forename-670,Surname-670
person671@dummy.com,Forename-671,Surname-671
person672@dummy.com,Forename-672,Surname-672
person673@dummy.com,Forename-673,Surname-673
person674@dummy.com,Forename-674,Surname-674
person675@dummy.com,Forename-675,Surname-675
person676@dummy.com,Forename-676,Surname-676
person677@dummy.com,Forename-677,Surname-677
person678@dummy.com,Forename-678,Surname-678
person679@dummy.com,Forename-679,Surname-679
person680@dummy.com,Forename-680,Surname-680
person681@dummy.com,Forename-681,Surname-681
person682@dummy.com,Forename-682,Surname-682
person683@dummy.com,Forename-683,Surname-683
person684@dummy.com,Forename-684,Surname-684
person685@dummy.com,Forename-685,Surname-685
person686@dummy.com,Forename-686,Surname-686
person687@dummy.com,Forename-687,Surname-687
person688@dummy.com,Forename-688,Surname-688
person689@dummy.com,Forename-689,Surname-689
person690@dummy.com,Forename-690,Surname-690
person691@dummy.com,Forename-691,Surname-691
person692@dummy.com,Forename-692,Surname-692
person693@dummy.com,Forename-693,Surname-693
person694@dummy.com,Forename-694,Surname-694
person695@dummy.com,Forename-695,Surname-695
person696@dummy.com,Forename-696,Surname-696
person697@dummy.com,Forename-697,Surname-697
person698@dummy.com,Forename-698,Surname-698
person699@dummy.com,Forename-699,Surname-699
person700@dummy.com,Forename-700,Surname-700
person701@dummy.com,Forename-701,Surname-701
person702@dummy.com,Forename-702,Surname-702
person703@dummy.com,Forename-703,Surname-703
person704@dummy.com,Forename-704,Surname-704
person705@dummy.com,Forename-705,Surname-705
person706@dummy.com,Forename-706,Surname-706
person707@dummy.com,Forename-707,Surname-707
person708@dummy.com,Forename-708,Surname-708
person709@dummy.com,Forename-709,Surname-709
person710@dummy.com,Forename-710,Surname-710
person711@dummy.com,Forename-711,Surname-711
person712@dummy.com,Forename-712,Surname-712
person713@dummy.com,Forename-713,Surname-713
person714@dummy.com,Forename-714,Surname-714
person715@dummy.com,Forename-715,Surname-715
person716@dummy.com,Forename-716,Surname-716
person717@dummy.com,Forename-717,Surname-717
person718@dummy.com,Forename-718,Surname-718
person719@dummy.com,Forename-719,Surname-719
person720@dummy.com,Forename-720,Surname-720
person721@dummy.com,Forename-721,Surname-721
person722@dummy.com,Forename-722,Surname-722
person723@dummy.com,Forename-723,Surname-723
person724@dummy.com,Forename-724,Surname-724
person725@dummy.com,Forename-725,Surname-725
person726@dummy.com,Forename-726,Surname-726
person727@dummy.com,Forename-727,Surname-727
person728@dummy.com,Forename-728,Surname-728
person729@dummy.com,Forename-729,Surname-729
person730@dummy.com,Forename-730,Surname-730
person731@dummy.com,Forename-731,Surname-731
person732@dummy.com,Forename-732,Surname-732
person733@dummy.com,Forename-733,Surname-733
person734@dummy.com,Forename-734,Surname-734
person735@dummy.com,Forename-735,Surname-735
person736@dummy.com,Forename-736,Surname-736
person737@dummy.com,Forename-737,Surname-737
person738@dummy.com,Forename-738,Surname-738
person739@dummy.com,Forename-739,Surname-739
person740@dummy.com,Forename-740,Surname-740
person741@dummy.com,Forename-741,Surname-741
person742@dummy.com,Forename-742,Surname-742
person743@dummy.com,Forename-743,Surname-743
person744@dummy.com,Forename-744,Surname-744
person745@dummy.com,Forename-745,Surname-745
person746@dummy.com,Forename-746,Surname-746
person747@dummy.com,Forename-747,Surname-747
person748@dummy.com,Forename-748,Surname-748
person749@dummy.com,Forename-749,Surname-749
person750@dummy.com,Forename-750,Surname-750
person751@dummy.com,Forename-751,Surname-751
person752@dummy.com,Forename-752,Surname-752
person753@dummy.com,Forename-753,Surname-753
person754@dummy.com,Forename-754,Surname-754
person755@dummy.com,Forename-755,Surname-755
person756@dummy.com,Forename-756,Surname-756
person757@dummy.com,Forename-757,Surname-757
person758@dummy.com,Forename-758,Surname-758
person759@dummy.com,Forename-759,Surname-759
person760@dummy.com,Forename-760,Surname-760
person761@dummy.com,Forename-761,Surname-761
person762@dummy.com,Forename-762,Surname-762
person763@dummy.com,Forename-763,Surname-763
person764@dummy.com,Forename-764,Surname-764
person765@dummy.com,Forename-765,Surname-765
person766@dummy.com,Forename-766,Surname-766
person767@dummy.com,Forename-767,Surname-767
person768@dummy.com,Forename-768,Surname-768
person769@dummy.com,Forename-769,Surname-769
person770@dummy.com,Forename-770,Surname-770
person771@dummy.com,Forename-771,Surname-771
person772@dummy.com,Forename-772,Surname-772
person773@dummy.com,Forename-773,Surname-773
person774@dummy.com,Forename-774,Surname-774
person775@dummy.com,Forename-775,Surname-775
person776@dummy.com,Forename-776,Surname-776
person777@dummy.com,Forename-777,Surname-777
person778@dummy.com,Forename-778,Surname-778
person779@dummy.com,Forename-779,Surname-779
person780@dummy.com,Forename-780,Surname-780
person781@dummy.com,Forename-781,Surname-781
person782@dummy.com,Forename-782,Surname-782
person783@dummy.com,Forename-783,Surname-783
person784@dummy.com,Forename-784,Surname-784
person785@dummy.com,Forename-785,Surname-785
person786@dummy.com,Forename-786,Surname-786
person787@dummy.com,Forename-787,Surname-787
person788@dummy.com,Forename-788,Surname-788
person789@dummy.com,Forename-789,Surname-789
person790@dummy.com,Forename-790,Surname-790
person791@dummy.com,Forename-791,Surname-791
person792@dummy.com,Forename-792,Surname-792
person793@dummy.com,Forename-793,Surname-793
person794@dummy.com,Forename-794,Surname-794
person795@dummy.com,Forename-795,Surname-795
person796@dummy.com,Forename-796,Surname-796
person797@dummy.com,Forename-797,Surname-797
person798@dummy.com,Forename-798,Surname-798
person799@dummy.com,Forename-799,Surname-799
person800@dummy.com,Forename-800,Surname-800
person801@dummy.com,Forename-801,Surname-801
person802@dummy.com,Forename-802,Surname-802
person803@dummy.com,Forename-803,Surname-803
person804@dummy.com,Forename-804,Surname-804
person805@dummy.com,Forename-805,Surname-805
person806@dummy.com,Forename-806,Surname-806
person807@dummy.com,Forename-807,Surname-807
person808@dummy.com,Forename-808,Surname-808
person809@dummy.com,Forename-809,Surname-809
person810@dummy.com,Forename-810,Surname-810
person811@dummy.com,Forename-811,Surname-811
person812@dummy.com,Forename-812,Surname-812
person813@dummy.com,Forename-813,Surname-813
person814@dummy.com,Forename-814,Surname-814
person815@dummy.com,Forename-815,Surname-815
person816@dummy.com,Forename-816,Surname-816
person817@dummy.com,Forename-817,Surname-817
person818@dummy.com,Forename-818,Surname-818
person819@dummy.com,Forename-819,Surname-819
person820@dummy.com,Forename-820,Surname-820
person821@dummy.com,Forename-821,Surname-821
person822@dummy.com,Forename-822,Surname-822
person823@dummy.com,Forename-823,Surname-823
person824@dummy.com,Forename-824,Surname-824
person825@dummy.com,Forename-825,Surname-825
person826@dummy.com,Forename-826,Surname-826
person827@dummy.com,Forename-827,Surname-827
person828@dummy.com,Forename-828,Surname-828
person829@dummy.com,Forename-829,Surname-829
person830@dummy.com,Forename-830,Surname-830
person831@dummy.com,Forename-831,Surname-831
person832@dummy.com,Forename-832,Surname-832
person833@dummy.com,Forename-833,Surname-833
person834@dummy.com,Forename-834,Surname-834
person835@dummy.com,Forename-835,Surname-835
person836@dummy.com,Forename-836,Surname-836
person837@dummy.com,Forename-837,Surname-837
person838@dummy.com,Forename-838,Surname-838
person839@dummy.com,Forename-839,Surname-839
person840@dummy.com,Forename-840,Surname-840
person841@dummy.com,Forename-841,Surname-841
person842@dummy.com,Forename-842,Surname-842
person843@dummy.com,Forename-843,Surname-843
person844@dummy.com,Forename-844,Surname-844
person845@dummy.com,Forename-845,Surname-845
person846@dummy.com,Forename-846,Surname-846
person847@dummy.com,Forename-847,Surname-847
person848@dummy.com,Forename-848,Surname-848
person849@dummy.com,Forename-849,Surname-849
person850@dummy.com,Forename-850,Surname-850
person851@dummy.com,Forename-851,Surname-851
person852@dummy.com,Forename-852,Surname-852
person853@dummy.com,Forename-853,Surname-853
person854@dummy.com,Forename-854,Surname-854
person855@dummy.com,Forename-855,Surname-855
person856@dummy.com,Forename-856,Surname-856
person857@dummy.com,Forename-857,Surname-857
person858@dummy.com,Forename-858,Surname-858
person859@dummy.com,Forename-859,Surname-859
person860@dummy.com,Forename-860,Surname-860
person861@dummy.com,Forename-861,Surname-861
person862@dummy.com,Forename-862,Surname-862
person863@dummy.com,Forename-863,Surname-863
person864@dummy.com,Forename-864,Surname-864
person865@dummy.com,Forename-865,Surname-865
person866@dummy.com,Forename-866,Surname-866
person867@dummy.com,Forename-867,Surname-867
person868@dummy.com,Forename-868,Surname-868
person869@dummy.com,Forename-869,Surname-869
person870@dummy.com,Forename-870,Surname-870
person871@dummy.com,Forename-871,Surname-871
person872@dummy.com,Forename-872,Surname-872
person873@dummy.com,Forename-873,Surname-873
person874@dummy.com,Forename-874,Surname-874
person875@dummy.com,Forename-875,Surname-875
person876@dummy.com,Forename-876,Surname-876
person877@dummy.com,Forename-877,Surname-877
person878@dummy.com,Forename-878,Surname-878
person879@dummy.com,Forename-879,Surname-879
person880@dummy.com,Forename-880,Surname-880
person881@dummy.com,Forename-881,Surname-881
person882@dummy.com,Forename-882,Surname-882
person883@dummy.com,Forename-883,Surname-883
person884@dummy.com,Forename-884,Surname-884
person885@dummy.com,Forename-885,Surname-885
person886@dummy.com,Forename-886,Surname-886
person887@dummy.com,Forename-887,Surname-887
person888@dummy.com,Forename-888,Surname-888
person889@dummy.com,Forename-889,Surname-889
person890@dummy.com,Forename-890,Surname-890
person891@dummy.com,Forename-891,Surname-891
person892@dummy.com,Forename-892,Surname-892
person893@dummy.com,Forename-893,Surname-893
person894@dummy.com,Forename-894,Surname-894
person895@dummy.com,Forename-895,Surname-895
person896@dummy.com,Forename-896,Surname-896
person897@dummy.com,Forename-897,Surname-897
person898@dummy.com,Forename-898,Surname-898
person899@dummy.com,Forename-899,Surname-899
person900@dummy.com,Forename-900,Surname-900
person901@dummy.com,Forename-901,Surname-901
person902@dummy.com,Forename-902,Surname-902
person903@dummy.com,Forename-903,Surname-903
person904@dummy.com,Forename-904,Surname-904
person905@dummy.com,Forename-905,Surname-905
person906@dummy.com,Forename-906,Surname-906
person907@dummy.com,Forename-907,Surname-907
person908@dummy.com,Forename-908,Surname-908
person909@dummy.com,Forename-909,Surname-909
person910@dummy.com,Forename-910,Surname-910
person911@dummy.com,Forename-911,Surname-911
person912@dummy.com,Forename-912,Surname-912
person913@dummy.com,Forename-913,Surname-913
person914@dummy.com,Forename-914,Surname-914
person915@dummy.com,Forename-915,Surname-915
person916@dummy.com,Forename-916,Surname-916
person917@dummy.com,Forename-917,Surname-917
person918@dummy.com,Forename-918,Surname-918
person919@dummy.com,Forename-919,Surname-919
person920@dummy.com,Forename-920,Surname-920
person921@dummy.com,Forename-921,Surname-921
person922@dummy.com,Forename-922,Surname-922
person923@dummy.com,Forename-923,Surname-923
person924@dummy.com,Forename-924,Surname-924
person925@dummy.com,Forename-925,Surname-925
person926@dummy.com,Forename-926,Surname-926
person927@dummy.com,Forename-927,Surname-927
person928@dummy.com,Forename-928,Surname-928
person929@dummy.com,Forename-929,Surname-929
person930@dummy.com,Forename-930,Surname-930
person931@dummy.com,Forename-931,Surname-931
person932@dummy.com,Forename-932,Surname-932
person933@dummy.com,Forename-933,Surname-933
person934@dummy.com,Forename-934,Surname-934
person935@dummy.com,Forename-935,Surname-935
person936@dummy.com,Forename-936,Surname-936
person937@dummy.com,Forename-937,Surname-937
person938@dummy.com,Forename-938,Surname-938
person939@dummy.com,Forename-939,Surname-939
person940@dummy.com,Forename-940,Surname-940
person941@dummy.com,Forename-941,Surname-941
person942@dummy.com,Forename-942,Surname-942
person943@dummy.com,Forename-943,Surname-943
person944@dummy.com,Forename-944,Surname-944
person945@dummy.com,Forename-945,Surname-945
person946@dummy.com,Forename-946,Surname-946
person947@dummy.com,Forename-947,Surname-947
person948@dummy.com,Forename-948,Surname-948
person949@dummy.com,Forename-949,Surname-949
person950@dummy.com,Forename-950,Surname-950
person951@dummy.com,Forename-951,Surname-951
person952@dummy.com,Forename-952,Surname-952
person953@dummy.com,Forename-953,Surname-953
person954@dummy.com,Forename-954,Surname-954
person955@dummy.com,Forename-955,Surname-955
person956@dummy.com,Forename-956,Surname-956
person957@dummy.com,Forename-957,Surname-957
person958@dummy.com,Forename-958,Surname-958
person959@dummy.com,Forename-959,Surname-959
person960@dummy.com,Forename-960,Surname-960
person961@dummy.com,Forename-961,Surname-961
person962@dummy.com,Forename-962,Surname-962
person963@dummy.com,Forename-963,Surname-963
person964@dummy.com,Forename-964,Surname-964
person965@dummy.com,Forename-965,Surname-965
person966@dummy.com,Forename-966,Surname-966
person967@dummy.com,Forename-967,Surname-967
person968@dummy.com,Forename-968,Surname-968
person969@dummy.com,Forename-969,Surname-969
person970@dummy.com,Forename-970,Surname-970
person971@dummy.com,Forename-971,Surname-971
person972@dummy.com,Forename-972,Surname-972
person973@dummy.com,Forename-973,Surname-973
person974@dummy.com,Forename-974,Surname-974
person975@dummy.com,Forename-975,Surname-975
person976@dummy.com,Forename-976,Surname-976
person977@dummy.com,Forename-977,Surname-977
person978@dummy.com,Forename-978,Surname-978
person979@dummy.com,Forename-979,Surname-979
person980@dummy.com,Forename-980,Surname-980
person981@dummy.com,Forename-981,Surname-981
person982@dummy.com,Forename-982,Surname-982
person983@dummy.com,Forename-983,Surname-983
person984@dummy.com,Forename-984,Surname-984
person985@dummy.com,Forename-985,Surname-985
person986@dummy.com,Forename-986,Surname-986
person987@dummy.com,Forename-987,Surname-987
person988@dummy.com,Forename-988,Surname-988
person989@dummy.com,Forename-989,Surname-989
person990@dummy.com,Forename-990,Surname-990
person991@dummy.com,Forename-991,Surname-991
person992@dummy.com,Forename-992,Surname-992
person993@dummy.com,Forename-993,Surname-993
person994@dummy.com,Forename-994,Surname-994
person995@dummy.com,Forename-995,Surname-995
person996@dummy.com,Forename-996,Surname-996
person997@dummy.com,Forename-997,Surname-997
person998@dummy.com,Forename-998,Surname-998
person999@dummy.com,Forename-999,Surname-999
person1000@dummy.com,Forename-1000,Surname-1000
person1001@dummy.com,Forename-1001,Surname-1001
person1002@dummy.com,Forename-1002,Surname-1002
person1003@dummy.com,Forename-1003,Surname-1003
person1004@dummy.com,Forename-1004,Surname-1004
person1005@dummy.com,Forename-1005,Surname-1005
person1006@dummy.com,Forename-1006,Surname-1006
person1007@dummy.com,Forename-1007,Surname-1007
person1008@dummy.com,Forename-1008,Surname-1008
person1009@dummy.com,Forename-1009,Surname-1009
person1010@dummy.com,Forename-1010,Surname-1010
person1011@dummy.com,Forename-1011,Surname-1011
person1012@dummy.com,Forename-1012,Surname-1012
person1013@dummy.com,Forename-1013,Surname-1013
person1014@dummy.com,Forename-1014,Surname-1014
person1015@dummy.com,Forename-1015,Surname-1015
person1016@dummy.com,Forename-1016,Surname-1016
person1017@dummy.com,Forename-1017,Surname-1017
person1018@dummy.com,Forename-1018,Surname-1018
person1019@dummy.com,Forename-1019,Surname-1019
person1020@dummy.com,Forename-1020,Surname-1020
person1021@dummy.com,Forename-1021,Surname-1021
person1022@dummy.com,Forename-1022,Surname-1022
person1023@dummy.com,Forename-1023,Surname-1023
person1024@dummy.com,Forename-1024,Surname-1024
person1025@dummy.com,Forename-1025,Surname-1025
person1026@dummy.com,Forename-1026,Surname-1026
person1027@dummy.com,Forename-1027,Surname-1027
person1028@dummy.com,Forename-1028,Surname-1028
person1029@dummy.com,Forename-1029,Surname-1029
person1030@dummy.com,Forename-1030,Surname-1030
person1031@dummy.com,Forename-1031,Surname-1031
person1032@dummy.com,Forename-1032,Surname-1032
person1033@dummy.com,Forename-1033,Surname-1033
person1034@dummy.com,Forename-1034,Surname-1034
person1035@dummy.com,Forename-1035,Surname-1035
person1036@dummy.com,Forename-1036,Surname-1036
person1037@dummy.com,Forename-1037,Surname-1037
person1038@dummy.com,Forename-1038,Surname-1038
person1039@dummy.com,Forename-1039,Surname-1039
person1040@dummy.com,Forename-1040,Surname-1040
person1041@dummy.com,Forename-1041,Surname-1041
person1042@dummy.com,Forename-1042,Surname-1042
person1043@dummy.com,Forename-1043,Surname-1043
person1044@dummy.com,Forename-1044,Surname-1044
person1045@dummy.com,Forename-1045,Surname-1045
person1046@dummy.com,Forename-1046,Surname-1046
person1047@dummy.com,Forename-1047,Surname-1047
person1048@dummy.com,Forename-1048,Surname-1048
person1049@dummy.com,Forename-1049,Surname-1049
person1050@dummy.com,Forename-1050,Surname-1050
person1051@dummy.com,Forename-1051,Surname-1051
person1052@dummy.com,Forename-1052,Surname-1052
person1053@dummy.com,Forename-1053,Surname-1053
person1054@dummy.com,Forename-1054,Surname-1054
person1055@dummy.com,Forename-1055,Surname-1055
person1056@dummy.com,Forename-1056,Surname-1056
person1057@dummy.com,Forename-1057,Surname-1057
person1058@dummy.com,Forename-1058,Surname-1058
person1059@dummy.com,Forename-1059,Surname-1059
person1060@dummy.com,Forename-1060,Surname-1060
person1061@dummy.com,Forename-1061,Surname-1061
person1062@dummy.com,Forename-1062,Surname-1062
person1063@dummy.com,Forename-1063,Surname-1063
person1064@dummy.com,Forename-1064,Surname-1064
person1065@dummy.com,Forename-1065,Surname-1065
person1066@dummy.com,Forename-1066,Surname-1066
person1067@dummy.com,Forename-1067,Surname-1067
person1068@dummy.com,Forename-1068,Surname-1068
person1069@dummy.com,Forename-1069,Surname-1069
person1070@dummy.com,Forename-1070,Surname-1070
person1071@dummy.com,Forename-1071,Surname-1071
person1072@dummy.com,Forename-1072,Surname-1072
person1073@dummy.com,Forename-1073,Surname-1073
person1074@dummy.com,Forename-1074,Surname-1074
person1075@dummy.com,Forename-1075,Surname-1075
person1076@dummy.com,Forename-1076,Surname-1076
person1077@dummy.com,Forename-1077,Surname-1077
person1078@dummy.com,Forename-1078,Surname-1078
person1079@dummy.com,Forename-1079,Surname-1079
person1080@dummy.com,Forename-1080,Surname-1080
person1081@dummy.com,Forename-1081,Surname-1081
person1082@dummy.com,Forename-1082,Surname-1082
person1083@dummy.com,Forename-1083,Surname-1083
person1084@dummy.com,Forename-1084,Surname-1084
person1085@dummy.com,Forename-1085,Surname-1085
person1086@dummy.com,Forename-1086,Surname-1086
person1087@dummy.com,Forename-1087,Surname-1087
person1088@dummy.com,Forename-1088,Surname-1088
person1089@dummy.com,Forename-1089,Surname-1089
person1090@dummy.com,Forename-1090,Surname-1090
person1091@dummy.com,Forename-1091,Surname-1091
person1092@dummy.com,Forename-1092,Surname-1092
person1093@dummy.com,Forename-1093,Surname-1093
person1094@dummy.com,Forename-1094,Surname-1094
person1095@dummy.com,Forename-1095,Surname-1095
person1096@dummy.com,Forename-1096,Surname-1096
person1097@dummy.com,Forename-1097,Surname-1097
person1098@dummy.com,Forename-1098,Surname-1098
person1099@dummy.com,Forename-1099,Surname-1099
person1100@dummy.com,Forename-1100,Surname-1100
person1101@dummy.com,Forename-1101,Surname-1101
person1102@dummy.com,Forename-1102,Surname-1102
person1103@dummy.com,Forename-1103,Surname-1103
person1104@dummy.com,Forename-1104,Surname-1104
person1105@dummy.com,Forename-1105,Surname-1105
person1106@dummy.com,Forename-1106,Surname-1106
person1107@dummy.com,Forename-1107,Surname-1107
person1108@dummy.com,Forename-1108,Surname-1108
person1109@dummy.com,Forename-1109,Surname-1109
person1110@dummy.com,Forename-1110,Surname-1110
person1111@dummy.com,Forename-1111,Surname-1111
person1112@dummy.com,Forename-1112,Surname-1112
person1113@dummy.com,Forename-1113,Surname-1113
person1114@dummy.com,Forename-1114,Surname-1114
person1115@dummy.com,Forename-1115,Surname-1115
person1116@dummy.com,Forename-1116,Surname-1116
person1117@dummy.com,Forename-1117,Surname-1117
person1118@dummy.com,Forename-1118,Surname-1118
person1119@dummy.com,Forename-1119,Surname-1119
person1120@dummy.com,Forename-1120,Surname-1120
person1121@dummy.com,Forename-1121,Surname-1121
person1122@dummy.com,Forename-1122,Surname-1122
person1123@dummy.com,Forename-1123,Surname-1123
person1124@dummy.com,Forename-1124,Surname-1124
person1125@dummy.com,Forename-1125,Surname-1125
person1126@dummy.com,Forename-1126,Surname-1126
person1127@dummy.com,Forename-1127,Surname-1127
person1128@dummy.com,Forename-1128,Surname-1128
person1129@dummy.com,Forename-1129,Surname-1129
person1130@dummy.com,Forename-1130,Surname-1130
person1131@dummy.com,Forename-1131,Surname-1131
person1132@dummy.com,Forename-1132,Surname-1132
person1133@dummy.com,Forename-1133,Surname-1133
person1134@dummy.com,Forename-1134,Surname-1134
person1135@dummy.com,Forename-1135,Surname-1135
person1136@dummy.com,Forename-1136,Surname-1136
person1137@dummy.com,Forename-1137,Surname-1137
person1138@dummy.com,Forename-1138,Surname-1138
person1139@dummy.com,Forename-1139,Surname-1139
person1140@dummy.com,Forename-1140,Surname-1140
person1141@dummy.com,Forename-1141,Surname-1141
person1142@dummy.com,Forename-1142,Surname-1142
person1143@dummy.com,Forename-1143,Surname-1143
person1144@dummy.com,Forename-1144,Surname-1144
person1145@dummy.com,Forename-1145,Surname-1145
person1146@dummy.com,Forename-1146,Surname-1146
person1147@dummy.com,Forename-1147,Surname-1147
person1148@dummy.com,Forename-1148,Surname-1148
person1149@dummy.com,Forename-1149,Surname-1149
person1150@dummy.com,Forename-1150,Surname-1150
person1151@dummy.com,Forename-1151,Surname-1151
person1152@dummy.com,Forename-1152,Surname-1152
person1153@dummy.com,Forename-1153,Surname-1153
person1154@dummy.com,Forename-1154,Surname-1154
person1155@dummy.com,Forename-1155,Surname-1155
person1156@dummy.com,Forename-1156,Surname-1156
person1157@dummy.com,Forename-1157,Surname-1157
person1158@dummy.com,Forename-1158,Surname-1158
person1159@dummy.com,Forename-1159,Surname-1159
person1160@dummy.com,Forename-1160,Surname-1160
person1161@dummy.com,Forename-1161,Surname-1161
person1162@dummy.com,Forename-1162,Surname-1162
person1163@dummy.com,Forename-1163,Surname-1163
person1164@dummy.com,Forename-1164,Surname-1164
person1165@dummy.com,Forename-1165,Surname-1165
person1166@dummy.com,Forename-1166,Surname-1166
person1167@dummy.com,Forename-1167,Surname-1167
person1168@dummy.com,Forename-1168,Surname-1168
person1169@dummy.com,Forename-1169,Surname-1169
person1170@dummy.com,Forename-1170,Surname-1170
person1171@dummy.com,Forename-1171,Surname-1171
person1172@dummy.com,Forename-1172,Surname-1172
person1173@dummy.com,Forename-1173,Surname-1173
person1174@dummy.com,Forename-1174,Surname-1174
person1175@dummy.com,Forename-1175,Surname-1175
person1176@dummy.com,Forename-1176,Surname-1176
person1177@dummy.com,Forename-1177,Surname-1177
person1178@dummy.com,Forename-1178,Surname-1178
person1179@dummy.com,Forename-1179,Surname-1179
person1180@dummy.com,Forename-1180,Surname-1180
person1181@dummy.com,Forename-1181,Surname-1181
person1182@dummy.com,Forename-1182,Surname-1182
person1183@dummy.com,Forename-1183,Surname-1183
person1184@dummy.com,Forename-1184,Surname-1184
person1185@dummy.com,Forename-1185,Surname-1185
person1186@dummy.com,Forename-1186,Surname-1186
person1187@dummy.com,Forename-1187,Surname-1187
person1188@dummy.com,Forename-1188,Surname-1188
person1189@dummy.com,Forename-1189,Surname-1189
person1190@dummy.com,Forename-1190,Surname-1190
person1191@dummy.com,Forename-1191,Surname-1191
person1192@dummy.com,Forename-1192,Surname-1192
person1193@dummy.com,Forename-1193,Surname-1193
person1194@dummy.com,Forename-1194,Surname-1194
person1195@dummy.com,Forename-1195,Surname-1195
person1196@dummy.com,Forename-1196,Surname-1196
person1197@dummy.com,Forename-1197,Surname-1197
person1198@dummy.com,Forename-1198,Surname-1198
person1199@dummy.com,Forename-1199,Surname-1199
person1200@dummy.com,Forename-1200,Surname-1200
person1201@dummy.com,Forename-1201,Surname-1201
person1202@dummy.com,Forename-1202,Surname-1202
person1203@dummy.com,Forename-1203,Surname-1203
person1204@dummy.com,Forename-1204,Surname-1204
person1205@dummy.com,Forename-1205,Surname-1205
person1206@dummy.com,Forename-1206,Surname-1206
person1207@dummy.com,Forename-1207,Surname-1207
person1208@dummy.com,Forename-1208,Surname-1208
person1209@dummy.com,Forename-1209,Surname-1209
person1210@dummy.com,Forename-1210,Surname-1210
person1211@dummy.com,Forename-1211,Surname-1211
person1212@dummy.com,Forename-1212,Surname-1212
person1213@dummy.com,Forename-1213,Surname-1213
person1214@dummy.com,Forename-1214,Surname-1214
person1215@dummy.com,Forename-1215,Surname-1215
person1216@dummy.com,Forename-1216,Surname-1216
person1217@dummy.com,Forename-1217,Surname-1217
person1218@dummy.com,Forename-1218,Surname-1218
person1219@dummy.com,Forename-1219,Surname-1219
person1220@dummy.com,Forename-1220,Surname-1220
person1221@dummy.com,Forename-1221,Surname-1221
person1222@dummy.com,Forename-1222,Surname-1222
person1223@dummy.com,Forename-1223,Surname-1223
person1224@dummy.com,Forename-1224,Surname-1224
person1225@dummy.com,Forename-1225,Surname-1225
person1226@dummy.com,Forename-1226,Surname-1226
person1227@dummy.com,Forename-1227,Surname-1227
person1228@dummy.com,Forename-1228,Surname-1228
person1229@dummy.com,Forename-1229,Surname-1229
person1230@dummy.com,Forename-1230,Surname-1230
person1231@dummy.com,Forename-1231,Surname-1231
person1232@dummy.com,Forename-1232,Surname-1232
person1233@dummy.com,Forename-1233,Surname-1233
person1234@dummy.com,Forename-1234,Surname-1234
person1235@dummy.com,Forename-1235,Surname-1235
person1236@dummy.com,Forename-1236,Surname-1236
person1237@dummy.com,Forename-1237,Surname-1237
person1238@dummy.com,Forename-1238,Surname-1238
person1239@dummy.com,Forename-1239,Surname-1239
person1240@dummy.com,Forename-1240,Surname-1240
person1241@dummy.com,Forename-1241,Surname-1241
person1242@dummy.com,Forename-1242,Surname-1242
person1243@dummy.com,Forename-1243,Surname-1243
person1244@dummy.com,Forename-1244,Surname-1244
person1245@dummy.com,Forename-1245,Surname-1245
person1246@dummy.com,Forename-1246,Surname-1246
person1247@dummy.com,Forename-1247,Surname-1247
person1248@dummy.com,Forename-1248,Surname-1248
person1249@dummy.com,Forename-1249,Surname-1249
person1250@dummy.com,Forename-1250,Surname-1250
person1251@dummy.com,Forename-1251,Surname-1251
person1252@dummy.com,Forename-1252,Surname-1252
person1253@dummy.com,Forename-1253,Surname-1253
person1254@dummy.com,Forename-1254,Surname-1254
person1255@dummy.com,Forename-1255,Surname-1255
person1256@dummy.com,Forename-1256,Surname-1256
person1257@dummy.com,Forename-1257,Surname-1257
person1258@dummy.com,Forename-1258,Surname-1258
person1259@dummy.com,Forename-1259,Surname-1259
person1260@dummy.com,Forename-1260,Surname-1260
person1261@dummy.com,Forename-1261,Surname-1261
person1262@dummy.com,Forename-1262,Surname-1262
person1263@dummy.com,Forename-1263,Surname-1263
person1264@dummy.com,Forename-1264,Surname-1264
person1265@dummy.com,Forename-1265,Surname-1265
person1266@dummy.com,Forename-1266,Surname-1266
person1267@dummy.com,Forename-1267,Surname-1267
person1268@dummy.com,Forename-1268,Surname-1268
person1269@dummy.com,Forename-1269,Surname-1269
person1270@dummy.com,Forename-1270,Surname-1270
person1271@dummy.com,Forename-1271,Surname-1271
person1272@dummy.com,Forename-1272,Surname-1272
person1273@dummy.com,Forename-1273,Surname-1273
person1274@dummy.com,Forename-1274,Surname-1274
person1275@dummy.com,Forename-1275,Surname-1275
person1276@dummy.com,Forename-1276,Surname-1276
person1277@dummy.com,Forename-1277,Surname-1277
person1278@dummy.com,Forename-1278,Surname-1278
person1279@dummy.com,Forename-1279,Surname-1279
person1280@dummy.com,Forename-1280,Surname-1280
person1281@dummy.com,Forename-1281,Surname-1281
person1282@dummy.com,Forename-1282,Surname-1282
person1283@dummy.com,Forename-1283,Surname-1283
person1284@dummy.com,Forename-1284,Surname-1284
person1285@dummy.com,Forename-1285,Surname-1285
person1286@dummy.com,Forename-1286,Surname-1286
person1287@dummy.com,Forename-1287,Surname-1287
person1288@dummy.com,Forename-1288,Surname-1288
person1289@dummy.com,Forename-1289,Surname-1289
person1290@dummy.com,Forename-1290,Surname-1290
person1291@dummy.com,Forename-1291,Surname-1291
person1292@dummy.com,Forename-1292,Surname-1292
person1293@dummy.com,Forename-1293,Surname-1293
person1294@dummy.com,Forename-1294,Surname-1294
person1295@dummy.com,Forename-1295,Surname-1295
person1296@dummy.com,Forename-1296,Surname-1296
person1297@dummy.com,Forename-1297,Surname-1297
person1298@dummy.com,Forename-1298,Surname-1298
person1299@dummy.com,Forename-1299,Surname-1299
person1300@dummy.com,Forename-1300,Surname-1300
person1301@dummy.com,Forename-1301,Surname-1301
person1302@dummy.com,Forename-1302,Surname-1302
person1303@dummy.com,Forename-1303,Surname-1303
person1304@dummy.com,Forename-1304,Surname-1304
person1305@dummy.com,Forename-1305,Surname-1305
person1306@dummy.com,Forename-1306,Surname-1306
person1307@dummy.com,Forename-1307,Surname-1307
person1308@dummy.com,Forename-1308,Surname-1308
person1309@dummy.com,Forename-1309,Surname-1309
person1310@dummy.com,Forename-1310,Surname-1310
person1311@dummy.com,Forename-1311,Surname-1311
person1312@dummy.com,Forename-1312,Surname-1312
person1313@dummy.com,Forename-1313,Surname-1313
person1314@dummy.com,Forename-1314,Surname-1314
person1315@dummy.com,Forename-1315,Surname-1315
person1316@dummy.com,Forename-1316,Surname-1316
person1317@dummy.com,Forename-1317,Surname-1317
person1318@dummy.com,Forename-1318,Surname-1318
person1319@dummy.com,Forename-1319,Surname-1319
person1320@dummy.com,Forename-1320,Surname-1320
person1321@dummy.com,Forename-1321,Surname-1321
person1322@dummy.com,Forename-1322,Surname-1322
person1323@dummy.com,Forename-1323,Surname-1323
person1324@dummy.com,Forename-1324,Surname-1324
person1325@dummy.com,Forename-1325,Surname-1325
person1326@dummy.com,Forename-1326,Surname-1326
person1327@dummy.com,Forename-1327,Surname-1327
person1328@dummy.com,Forename-1328,Surname-1328
person1329@dummy.com,Forename-1329,Surname-1329
person1330@dummy.com,Forename-1330,Surname-1330
person1331@dummy.com,Forename-1331,Surname-1331
person1332@dummy.com,Forename-1332,Surname-1332
person1333@dummy.com,Forename-1333,Surname-1333
person1334@dummy.com,Forename-1334,Surname-1334
person1335@dummy.com,Forename-1335,Surname-1335
person1336@dummy.com,Forename-1336,Surname-1336
person1337@dummy.com,Forename-1337,Surname-1337
person1338@dummy.com,Forename-1338,Surname-1338
person1339@dummy.com,Forename-1339,Surname-1339
person1340@dummy.com,Forename-1340,Surname-1340
person1341@dummy.com,Forename-1341,Surname-1341
person1342@dummy.com,Forename-1342,Surname-1342
person1343@dummy.com,Forename-1343,Surname-1343
person1344@dummy.com,Forename-1344,Surname-1344
person1345@dummy.com,Forename-1345,Surname-1345
person1346@dummy.com,Forename-1346,Surname-1346
person1347@dummy.com,Forename-1347,Surname-1347
person1348@dummy.com,Forename-1348,Surname-1348
person1349@dummy.com,Forename-1349,Surname-1349
person1350@dummy.com,Forename-1350,Surname-1350
person1351@dummy.com,Forename-1351,Surname-1351
person1352@dummy.com,Forename-1352,Surname-1352
person1353@dummy.com,Forename-1353,Surname-1353
person1354@dummy.com,Forename-1354,Surname-1354
person1355@dummy.com,Forename-1355,Surname-1355
person1356@dummy.com,Forename-1356,Surname-1356
person1357@dummy.com,Forename-1357,Surname-1357
person1358@dummy.com,Forename-1358,Surname-1358
person1359@dummy.com,Forename-1359,Surname-1359
person1360@dummy.com,Forename-1360,Surname-1360
person1361@dummy.com,Forename-1361,Surname-1361
person1362@dummy.com,Forename-1362,Surname-1362
person1363@dummy.com,Forename-1363,Surname-1363
person1364@dummy.com,Forename-1364,Surname-1364
person1365@dummy.com,Forename-1365,Surname-1365
person1366@dummy.com,Forename-1366,Surname-1366
person1367@dummy.com,Forename-1367,Surname-1367
person1368@dummy.com,Forename-1368,Surname-1368
person1369@dummy.com,Forename-1369,Surname-1369
person1370@dummy.com,Forename-1370,Surname-1370
person1371@dummy.com,Forename-1371,Surname-1371
person1372@dummy.com,Forename-1372,Surname-1372
person1373@dummy.com,Forename-1373,Surname-1373
person1374@dummy.com,Forename-1374,Surname-1374
person1375@dummy.com,Forename-1375,Surname-1375
person1376@dummy.com,Forename-1376,Surname-1376
person1377@dummy.com,Forename-1377,Surname-1377
person1378@dummy.com,Forename-1378,Surname-1378
person1379@dummy.com,Forename-1379,Surname-1379
person1380@dummy.com,Forename-1380,Surname-1380
person1381@dummy.com,Forename-1381,Surname-1381
person1382@dummy.com,Forename-1382,Surname-1382
person1383@dummy.com,Forename-1383,Surname-1383
person1384@dummy.com,Forename-1384,Surname-1384
person1385@dummy.com,Forename-1385,Surname-1385
person1386@dummy.com,Forename-1386,Surname-1386
person1387@dummy.com,Forename-1387,Surname-1387
person1388@dummy.com,Forename-1388,Surname-1388
person1389@dummy.com,Forename-1389,Surname-1389
person1390@dummy.com,Forename-1390,Surname-1390
person1391@dummy.com,Forename-1391,Surname-1391
person1392@dummy.com,Forename-1392,Surname-1392
person1393@dummy.com,Forename-1393,Surname-1393
person1394@dummy.com,Forename-1394,Surname-1394
person1395@dummy.com,Forename-1395,Surname-1395
person1396@dummy.com,Forename-1396,Surname-1396
person1397@dummy.com,Forename-1397,Surname-1397
person1398@dummy.com,Forename-1398,Surname-1398
person1399@dummy.com,Forename-1399,Surname-1399
person1400@dummy.com,Forename-1400,Surname-1400
person1401@dummy.com,Forename-1401,Surname-1401
person1402@dummy.com,Forename-1402,Surname-1402
person1403@dummy.com,Forename-1403,Surname-1403
person1404@dummy.com,Forename-1404,Surname-1404
person1405@dummy.com,Forename-1405,Surname-1405
person1406@dummy.com,Forename-1406,Surname-1406
person1407@dummy.com,Forename-1407,Surname-1407
person1408@dummy.com,Forename-1408,Surname-1408
person1409@dummy.com,Forename-1409,Surname-1409
person1410@dummy.com,Forename-1410,Surname-1410
person1411@dummy.com,Forename-1411,Surname-1411
person1412@dummy.com,Forename-1412,Surname-1412
person1413@dummy.com,Forename-1413,Surname-1413
person1414@dummy.com,Forename-1414,Surname-1414
person1415@dummy.com,Forename-1415,Surname-1415
person1416@dummy.com,Forename-1416,Surname-1416
person1417@dummy.com,Forename-1417,Surname-1417
person1418@dummy.com,Forename-1418,Surname-1418
person1419@dummy.com,Forename-1419,Surname-1419
person1420@dummy.com,Forename-1420,Surname-1420
person1421@dummy.com,Forename-1421,Surname-1421
person1422@dummy.com,Forename-1422,Surname-1422
person1423@dummy.com,Forename-1423,Surname-1423
person1424@dummy.com,Forename-1424,Surname-1424
person1425@dummy.com,Forename-1425,Surname-1425
person1426@dummy.com,Forename-1426,Surname-1426
person1427@dummy.com,Forename-1427,Surname-1427
person1428@dummy.com,Forename-1428,Surname-1428
person1429@dummy.com,Forename-1429,Surname-1429
person1430@dummy.com,Forename-1430,Surname-1430
person1431@dummy.com,Forename-1431,Surname-1431
person1432@dummy.com,Forename-1432,Surname-1432
person1433@dummy.com,Forename-1433,Surname-1433
person1434@dummy.com,Forename-1434,Surname-1434
person1435@dummy.com,Forename-1435,Surname-1435
person1436@dummy.com,Forename-1436,Surname-1436
person1437@dummy.com,Forename-1437,Surname-1437
person1438@dummy.com,Forename-1438,Surname-1438
person1439@dummy.com,Forename-1439,Surname-1439
person1440@dummy.com,Forename-1440,Surname-1440
person1441@dummy.com,Forename-1441,Surname-1441
person1442@dummy.com,Forename-1442,Surname-1442
person1443@dummy.com,Forename-1443,Surname-1443
person1444@dummy.com,Forename-1444,Surname-1444
person1445@dummy.com,Forename-1445,Surname-1445
person1446@dummy.com,Forename-1446,Surname-1446
person1447@dummy.com,Forename-1447,Surname-1447
person1448@dummy.com,Forename-1448,Surname-1448
person1449@dummy.com,Forename-1449,Surname-1449
person1450@dummy.com,Forename-1450,Surname-1450
person1451@dummy.com,Forename-1451,Surname-1451
person1452@dummy.com,Forename-1452,Surname-1452
person1453@dummy.com,Forename-1453,Surname-1453
person1454@dummy.com,Forename-1454,Surname-1454
person1455@dummy.com,Forename-1455,Surname-1455
person1456@dummy.com,Forename-1456,Surname-1456
person1457@dummy.com,Forename-1457,Surname-1457
person1458@dummy.com,Forename-1458,Surname-1458
person1459@dummy.com,Forename-1459,Surname-1459
person1460@dummy.com,Forename-1460,Surname-1460
person1461@dummy.com,Forename-1461,Surname-1461
person1462@dummy.com,Forename-1462,Surname-1462
person1463@dummy.com,Forename-1463,Surname-1463
person1464@dummy.com,Forename-1464,Surname-1464
person1465@dummy.com,Forename-1465,Surname-1465
person1466@dummy.com,Forename-1466,Surname-1466
person1467@dummy.com,Forename-1467,Surname-1467
person1468@dummy.com,Forename-1468,Surname-1468
person1469@dummy.com,Forename-1469,Surname-1469
person1470@dummy.com,Forename-1470,Surname-1470
person1471@dummy.com,Forename-1471,Surname-1471
person1472@dummy.com,Forename-1472,Surname-1472
person1473@dummy.com,Forename-1473,Surname-1473
person1474@dummy.com,Forename-1474,Surname-1474
person1475@dummy.com,Forename-1475,Surname-1475
person1476@dummy.com,Forename-1476,Surname-1476
person1477@dummy.com,Forename-1477,Surname-1477
person1478@dummy.com,Forename-1478,Surname-1478
person1479@dummy.com,Forename-1479,Surname-1479
person1480@dummy.com,Forename-1480,Surname-1480
person1481@dummy.com,Forename-1481,Surname-1481
person1482@dummy.com,Forename-1482,Surname-1482
person1483@dummy.com,Forename-1483,Surname-1483
person1484@dummy.com,Forename-1484,Surname-1484
person1485@dummy.com,Forename-1485,Surname-1485
person1486@dummy.com,Forename-1486,Surname-1486
person1487@dummy.com,Forename-1487,Surname-1487
person1488@dummy.com,Forename-1488,Surname-1488
person1489@dummy.com,Forename-1489,Surname-1489
person1490@dummy.com,Forename-1490,Surname-1490
person1491@dummy.com,Forename-1491,Surname-1491
person1492@dummy.com,Forename-1492,Surname-1492
person1493@dummy.com,Forename-1493,Surname-1493
person1494@dummy.com,Forename-1494,Surname-1494
person1495@dummy.com,Forename-1495,Surname-1495
person1496@dummy.com,Forename-1496,Surname-1496
person1497@dummy.com,Forename-1497,Surname-1497
person1498@dummy.com,Forename-1498,Surname-1498
person1499@dummy.com,Forename-1499,Surname-1499
person1500@dummy.com,Forename-1500,Surname-1500
person1501@dummy.com,Forename-1501,Surname-1501
person1502@dummy.com,Forename-1502,Surname-1502
person1503@dummy.com,Forename-1503,Surname-1503
person1504@dummy.com,Forename-1504,Surname-1504
person1505@dummy.com,Forename-1505,Surname-1505
person1506@dummy.com,Forename-1506,Surname-1506
person1507@dummy.com,Forename-1507,Surname-1507
person1508@dummy.com,Forename-1508,Surname-1508
person1509@dummy.com,Forename-1509,Surname-1509
person1510@dummy.com,Forename-1510,Surname-1510
person1511@dummy.com,Forename-1511,Surname-1511
person1512@dummy.com,Forename-1512,Surname-1512
person1513@dummy.com,Forename-1513,Surname-1513
person1514@dummy.com,Forename-1514,Surname-1514
person1515@dummy.com,Forename-1515,Surname-1515
person1516@dummy.com,Forename-1516,Surname-1516
person1517@dummy.com,Forename-1517,Surname-1517
person1518@dummy.com,Forename-1518,Surname-1518
person1519@dummy.com,Forename-1519,Surname-1519
person1520@dummy.com,Forename-1520,Surname-1520
person1521@dummy.com,Forename-1521,Surname-1521
person1522@dummy.com,Forename-1522,Surname-1522
person1523@dummy.com,Forename-1523,Surname-1523
person1524@dummy.com,Forename-1524,Surname-1524
person1525@dummy.com,Forename-1525,Surname-1525
person1526@dummy.com,Forename-1526,Surname-1526
person1527@dummy.com,Forename-1527,Surname-1527
person1528@dummy.com,Forename-1528,Surname-1528
person1529@dummy.com,Forename-1529,Surname-1529
person1530@dummy.com,Forename-1530,Surname-1530
person1531@dummy.com,Forename-1531,Surname-1531
person1532@dummy.com,Forename-1532,Surname-1532
person1533@dummy.com,Forename-1533,Surname-1533
person1534@dummy.com,Forename-1534,Surname-1534
person1535@dummy.com,Forename-1535,Surname-1535
person1536@dummy.com,Forename-1536,Surname-1536
person1537@dummy.com,Forename-1537,Surname-1537
person1538@dummy.com,Forename-1538,Surname-1538
person1539@dummy.com,Forename-1539,Surname-1539
person1540@dummy.com,Forename-1540,Surname-1540
person1541@dummy.com,Forename-1541,Surname-1541
person1542@dummy.com,Forename-1542,Surname-1542
person1543@dummy.com,Forename-1543,Surname-1543
person1544@dummy.com,Forename-1544,Surname-1544
person1545@dummy.com,Forename-1545,Surname-1545
person1546@dummy.com,Forename-1546,Surname-1546
person1547@dummy.com,Forename-1547,Surname-1547
person1548@dummy.com,Forename-1548,Surname-1548
person1549@dummy.com,Forename-1549,Surname-1549
person1550@dummy.com,Forename-1550,Surname-1550
person1551@dummy.com,Forename-1551,Surname-1551
person1552@dummy.com,Forename-1552,Surname-1552
person1553@dummy.com,Forename-1553,Surname-1553
person1554@dummy.com,Forename-1554,Surname-1554
person1555@dummy.com,Forename-1555,Surname-1555
person1556@dummy.com,Forename-1556,Surname-1556
person1557@dummy.com,Forename-1557,Surname-1557
person1558@dummy.com,Forename-1558,Surname-1558
person1559@dummy.com,Forename-1559,Surname-1559
person1560@dummy.com,Forename-1560,Surname-1560
person1561@dummy.com,Forename-1561,Surname-1561
person1562@dummy.com,Forename-1562,Surname-1562
person1563@dummy.com,Forename-1563,Surname-1563
person1564@dummy.com,Forename-1564,Surname-1564
person1565@dummy.com,Forename-1565,Surname-1565
person1566@dummy.com,Forename-1566,Surname-1566
person1567@dummy.com,Forename-1567,Surname-1567
person1568@dummy.com,Forename-1568,Surname-1568
person1569@dummy.com,Forename-1569,Surname-1569
person1570@dummy.com,Forename-1570,Surname-1570
person1571@dummy.com,Forename-1571,Surname-1571
person1572@dummy.com,Forename-1572,Surname-1572
person1573@dummy.com,Forename-1573,Surname-1573
person1574@dummy.com,Forename-1574,Surname-1574
person1575@dummy.com,Forename-1575,Surname-1575
person1576@dummy.com,Forename-1576,Surname-1576
person1577@dummy.com,Forename-1577,Surname-1577
person1578@dummy.com,Forename-1578,Surname-1578
person1579@dummy.com,Forename-1579,Surname-1579
person1580@dummy.com,Forename-1580,Surname-1580
person1581@dummy.com,Forename-1581,Surname-1581
person1582@dummy.com,Forename-1582,Surname-1582
person1583@dummy.com,Forename-1583,Surname-1583
person1584@dummy.com,Forename-1584,Surname-1584
person1585@dummy.com,Forename-1585,Surname-1585
person1586@dummy.com,Forename-1586,Surname-1586
person1587@dummy.com,Forename-1587,Surname-1587
person1588@dummy.com,Forename-1588,Surname-1588
person1589@dummy.com,Forename-1589,Surname-1589
person1590@dummy.com,Forename-1590,Surname-1590
person1591@dummy.com,Forename-1591,Surname-1591
person1592@dummy.com,Forename-1592,Surname-1592
person1593@dummy.com,Forename-1593,Surname-1593
person1594@dummy.com,Forename-1594,Surname-1594
person1595@dummy.com,Forename-1595,Surname-1595
person1596@dummy.com,Forename-1596,Surname-1596
person1597@dummy.com,Forename-1597,Surname-1597
person1598@dummy.com,Forename-1598,Surname-1598
person1599@dummy.com,Forename-1599,Surname-1599
person1600@dummy.com,Forename-1600,Surname-1600
person1601@dummy.com,Forename-1601,Surname-1601
person1602@dummy.com,Forename-1602,Surname-1602
person1603@dummy.com,Forename-1603,Surname-1603
person1604@dummy.com,Forename-1604,Surname-1604
person1605@dummy.com,Forename-1605,Surname-1605
person1606@dummy.com,Forename-1606,Surname-1606
person1607@dummy.com,Forename-1607,Surname-1607
person1608@dummy.com,Forename-1608,Surname-1608
person1609@dummy.com,Forename-1609,Surname-1609
person1610@dummy.com,Forename-1610,Surname-1610
person1611@dummy.com,Forename-1611,Surname-1611
person1612@dummy.com,Forename-1612,Surname-1612
person1613@dummy.com,Forename-1613,Surname-1613
person1614@dummy.com,Forename-1614,Surname-1614
person1615@dummy.com,Forename-1615,Surname-1615
person1616@dummy.com,Forename-1616,Surname-1616
person1617@dummy.com,Forename-1617,Surname-1617
person1618@dummy.com,Forename-1618,Surname-1618
person1619@dummy.com,Forename-1619,Surname-1619
person1620@dummy.com,Forename-1620,Surname-1620
person1621@dummy.com,Forename-1621,Surname-1621
person1622@dummy.com,Forename-1622,Surname-1622
person1623@dummy.com,Forename-1623,Surname-1623
person1624@dummy.com,Forename-1624,Surname-1624
person1625@dummy.com,Forename-1625,Surname-1625
person1626@dummy.com,Forename-1626,Surname-1626
person1627@dummy.com,Forename-1627,Surname-1627
person1628@dummy.com,Forename-1628,Surname-1628
person1629@dummy.com,Forename-1629,Surname-1629
person1630@dummy.com,Forename-1630,Surname-1630
person1631@dummy.com,Forename-1631,Surname-1631
person1632@dummy.com,Forename-1632,Surname-1632
person1633@dummy.com,Forename-1633,Surname-1633
person1634@dummy.com,Forename-1634,Surname-1634
person1635@dummy.com,Forename-1635,Surname-1635
person1636@dummy.com,Forename-1636,Surname-1636
person1637@dummy.com,Forename-1637,Surname-1637
person1638@dummy.com,Forename-1638,Surname-1638
person1639@dummy.com,Forename-1639,Surname-1639
person1640@dummy.com,Forename-1640,Surname-1640
person1641@dummy.com,Forename-1641,Surname-1641
person1642@dummy.com,Forename-1642,Surname-1642
person1643@dummy.com,Forename-1643,Surname-1643
person1644@dummy.com,Forename-1644,Surname-1644
person1645@dummy.com,Forename-1645,Surname-1645
person1646@dummy.com,Forename-1646,Surname-1646
person1647@dummy.com,Forename-1647,Surname-1647
person1648@dummy.com,Forename-1648,Surname-1648
person1649@dummy.com,Forename-1649,Surname-1649
person1650@dummy.com,Forename-1650,Surname-1650
person1651@dummy.com,Forename-1651,Surname-1651
person1652@dummy.com,Forename-1652,Surname-1652
person1653@dummy.com,Forename-1653,Surname-1653
person1654@dummy.com,Forename-1654,Surname-1654
person1655@dummy.com,Forename-1655,Surname-1655
person1656@dummy.com,Forename-1656,Surname-1656
person1657@dummy.com,Forename-1657,Surname-1657
person1658@dummy.com,Forename-1658,Surname-1658
person1659@dummy.com,Forename-1659,Surname-1659
person1660@dummy.com,Forename-1660,Surname-1660
person1661@dummy.com,Forename-1661,Surname-1661
person1662@dummy.com,Forename-1662,Surname-1662
person1663@dummy.com,Forename-1663,Surname-1663
person1664@dummy.com,Forename-1664,Surname-1664
person1665@dummy.com,Forename-1665,Surname-1665
person1666@dummy.com,Forename-1666,Surname-1666
person1667@dummy.com,Forename-1667,Surname-1667
person1668@dummy.com,Forename-1668,Surname-1668
person1669@dummy.com,Forename-1669,Surname-1669
person1670@dummy.com,Forename-1670,Surname-1670
person1671@dummy.com,Forename-1671,Surname-1671
person1672@dummy.com,Forename-1672,Surname-1672
person1673@dummy.com,Forename-1673,Surname-1673
person1674@dummy.com,Forename-1674,Surname-1674
person1675@dummy.com,Forename-1675,Surname-1675
person1676@dummy.com,Forename-1676,Surname-1676
person1677@dummy.com,Forename-1677,Surname-1677
person1678@dummy.com,Forename-1678,Surname-1678
person1679@dummy.com,Forename-1679,Surname-1679
person1680@dummy.com,Forename-1680,Surname-1680
person1681@dummy.com,Forename-1681,Surname-1681
person1682@dummy.com,Forename-1682,Surname-1682
person1683@dummy.com,Forename-1683,Surname-1683
person1684@dummy.com,Forename-1684,Surname-1684
person1685@dummy.com,Forename-1685,Surname-1685
person1686@dummy.com,Forename-1686,Surname-1686
person1687@dummy.com,Forename-1687,Surname-1687
person1688@dummy.com,Forename-1688,Surname-1688
person1689@dummy.com,Forename-1689,Surname-1689
person1690@dummy.com,Forename-1690,Surname-1690
person1691@dummy.com,Forename-1691,Surname-1691
person1692@dummy.com,Forename-1692,Surname-1692
person1693@dummy.com,Forename-1693,Surname-1693
person1694@dummy.com,Forename-1694,Surname-1694
person1695@dummy.com,Forename-1695,Surname-1695
person1696@dummy.com,Forename-1696,Surname-1696
person1697@dummy.com,Forename-1697,Surname-1697
person1698@dummy.com,Forename-1698,Surname-1698
person1699@dummy.com,Forename-1699,Surname-1699
person1700@dummy.com,Forename-1700,Surname-1700
person1701@dummy.com,Forename-1701,Surname-1701
person1702@dummy.com,Forename-1702,Surname-1702
person1703@dummy.com,Forename-1703,Surname-1703
person1704@dummy.com,Forename-1704,Surname-1704
person1705@dummy.com,Forename-1705,Surname-1705
person1706@dummy.com,Forename-1706,Surname-1706
person1707@dummy.com,Forename-1707,Surname-1707
person1708@dummy.com,Forename-1708,Surname-1708
person1709@dummy.com,Forename-1709,Surname-1709
person1710@dummy.com,Forename-1710,Surname-1710
person1711@dummy.com,Forename-1711,Surname-1711
person1712@dummy.com,Forename-1712,Surname-1712
person1713@dummy.com,Forename-1713,Surname-1713
person1714@dummy.com,Forename-1714,Surname-1714
person1715@dummy.com,Forename-1715,Surname-1715
person1716@dummy.com,Forename-1716,Surname-1716
person1717@dummy.com,Forename-1717,Surname-1717
person1718@dummy.com,Forename-1718,Surname-1718
person1719@dummy.com,Forename-1719,Surname-1719
person1720@dummy.com,Forename-1720,Surname-1720
person1721@dummy.com,Forename-1721,Surname-1721
person1722@dummy.com,Forename-1722,Surname-1722
person1723@dummy.com,Forename-1723,Surname-1723
person1724@dummy.com,Forename-1724,Surname-1724
person1725@dummy.com,Forename-1725,Surname-1725
person1726@dummy.com,Forename-1726,Surname-1726
person1727@dummy.com,Forename-1727,Surname-1727
person1728@dummy.com,Forename-1728,Surname-1728
person1729@dummy.com,Forename-1729,Surname-1729
person1730@dummy.com,Forename-1730,Surname-1730
person1731@dummy.com,Forename-1731,Surname-1731
person1732@dummy.com,Forename-1732,Surname-1732
person1733@dummy.com,Forename-1733,Surname-1733
person1734@dummy.com,Forename-1734,Surname-1734
person1735@dummy.com,Forename-1735,Surname-1735
person1736@dummy.com,Forename-1736,Surname-1736
person1737@dummy.com,Forename-1737,Surname-1737
person1738@dummy.com,Forename-1738,Surname-1738
person1739@dummy.com,Forename-1739,Surname-1739
person1740@dummy.com,Forename-1740,Surname-1740
person1741@dummy.com,Forename-1741,Surname-1741
person1742@dummy.com,Forename-1742,Surname-1742
person1743@dummy.com,Forename-1743,Surname-1743
person1744@dummy.com,Forename-1744,Surname-1744
person1745@dummy.com,Forename-1745,Surname-1745
person1746@dummy.com,Forename-1746,Surname-1746
person1747@dummy.com,Forename-1747,Surname-1747
person1748@dummy.com,Forename-1748,Surname-1748
person1749@dummy.com,Forename-1749,Surname-1749
person1750@dummy.com,Forename-1750,Surname-1750
person1751@dummy.com,Forename-1751,Surname-1751
person1752@dummy.com,Forename-1752,Surname-1752
person1753@dummy.com,Forename-1753,Surname-1753
person1754@dummy.com,Forename-1754,Surname-1754
person1755@dummy.com,Forename-1755,Surname-1755
person1756@dummy.com,Forename-1756,Surname-1756
person1757@dummy.com,Forename-1757,Surname-1757
person1758@dummy.com,Forename-1758,Surname-1758
person1759@dummy.com,Forename-1759,Surname-1759
person1760@dummy.com,Forename-1760,Surname-1760
person1761@dummy.com,Forename-1761,Surname-1761
person1762@dummy.com,Forename-1762,Surname-1762
person1763@dummy.com,Forename-1763,Surname-1763
person1764@dummy.com,Forename-1764,Surname-1764
person1765@dummy.com,Forename-1765,Surname-1765
person1766@dummy.com,Forename-1766,Surname-1766
person1767@dummy.com,Forename-1767,Surname-1767
person1768@dummy.com,Forename-1768,Surname-1768
person1769@dummy.com,Forename-1769,Surname-1769
person1770@dummy.com,Forename-1770,Surname-1770
person1771@dummy.com,Forename-1771,Surname-1771
person1772@dummy.com,Forename-1772,Surname-1772
person1773@dummy.com,Forename-1773,Surname-1773
person1774@dummy.com,Forename-1774,Surname-1774
person1775@dummy.com,Forename-1775,Surname-1775
person1776@dummy.com,Forename-1776,Surname-1776
person1777@dummy.com,Forename-1777,Surname-1777
person1778@dummy.com,Forename-1778,Surname-1778
person1779@dummy.com,Forename-1779,Surname-1779
person1780@dummy.com,Forename-1780,Surname-1780
person1781@dummy.com,Forename-1781,Surname-1781
person1782@dummy.com,Forename-1782,Surname-1782
person1783@dummy.com,Forename-1783,Surname-1783
person1784@dummy.com,Forename-1784,Surname-1784
person1785@dummy.com,Forename-1785,Surname-1785
person1786@dummy.com,Forename-1786,Surname-1786
person1787@dummy.com,Forename-1787,Surname-1787
person1788@dummy.com,Forename-1788,Surname-1788
person1789@dummy.com,Forename-1789,Surname-1789
person1790@dummy.com,Forename-1790,Surname-1790
person1791@dummy.com,Forename-1791,Surname-1791
person1792@dummy.com,Forename-1792,Surname-1792
person1793@dummy.com,Forename-1793,Surname-1793
person1794@dummy.com,Forename-1794,Surname-1794
person1795@dummy.com,Forename-1795,Surname-1795
person1796@dummy.com,Forename-1796,Surname-1796
person1797@dummy.com,Forename-1797,Surname-1797
person1798@dummy.com,Forename-1798,Surname-1798
person1799@dummy.com,Forename-1799,Surname-1799
person1800@dummy.com,Forename-1800,Surname-1800
person1801@dummy.com,Forename-1801,Surname-1801
person1802@dummy.com,Forename-1802,Surname-1802
person1803@dummy.com,Forename-1803,Surname-1803
person1804@dummy.com,Forename-1804,Surname-1804
person1805@dummy.com,Forename-1805,Surname-1805
person1806@dummy.com,Forename-1806,Surname-1806
person1807@dummy.com,Forename-1807,Surname-1807
person1808@dummy.com,Forename-1808,Surname-1808
person1809@dummy.com,Forename-1809,Surname-1809
person1810@dummy.com,Forename-1810,Surname-1810
person1811@dummy.com,Forename-1811,Surname-1811
person1812@dummy.com,Forename-1812,Surname-1812
person1813@dummy.com,Forename-1813,Surname-1813
person1814@dummy.com,Forename-1814,Surname-1814
person1815@dummy.com,Forename-1815,Surname-1815
person1816@dummy.com,Forename-1816,Surname-1816
person1817@dummy.com,Forename-1817,Surname-1817
person1818@dummy.com,Forename-1818,Surname-1818
person1819@dummy.com,Forename-1819,Surname-1819
person1820@dummy.com,Forename-1820,Surname-1820
person1821@dummy.com,Forename-1821,Surname-1821
person1822@dummy.com,Forename-1822,Surname-1822
person1823@dummy.com,Forename-1823,Surname-1823
person1824@dummy.com,Forename-1824,Surname-1824
person1825@dummy.com,Forename-1825,Surname-1825
person1826@dummy.com,Forename-1826,Surname-1826
person1827@dummy.com,Forename-1827,Surname-1827
person1828@dummy.com,Forename-1828,Surname-1828
person1829@dummy.com,Forename-1829,Surname-1829
person1830@dummy.com,Forename-1830,Surname-1830
person1831@dummy.com,Forename-1831,Surname-1831
person1832@dummy.com,Forename-1832,Surname-1832
person1833@dummy.com,Forename-1833,Surname-1833
person1834@dummy.com,Forename-1834,Surname-1834
person1835@dummy.com,Forename-1835,Surname-1835
person1836@dummy.com,Forename-1836,Surname-1836
person1837@dummy.com,Forename-1837,Surname-1837
person1838@dummy.com,Forename-1838,Surname-1838
person1839@dummy.com,Forename-1839,Surname-1839
person1840@dummy.com,Forename-1840,Surname-1840
person1841@dummy.com,Forename-1841,Surname-1841
person1842@dummy.com,Forename-1842,Surname-1842
person1843@dummy.com,Forename-1843,Surname-1843
person1844@dummy.com,Forename-1844,Surname-1844
person1845@dummy.com,Forename-1845,Surname-1845
person1846@dummy.com,Forename-1846,Surname-1846
person1847@dummy.com,Forename-1847,Surname-1847
person1848@dummy.com,Forename-1848,Surname-1848
person1849@dummy.com,Forename-1849,Surname-1849
person1850@dummy.com,Forename-1850,Surname-1850
person1851@dummy.com,Forename-1851,Surname-1851
person1852@dummy.com,Forename-1852,Surname-1852
person1853@dummy.com,Forename-1853,Surname-1853
person1854@dummy.com,Forename-1854,Surname-1854
person1855@dummy.com,Forename-1855,Surname-1855
person1856@dummy.com,Forename-1856,Surname-1856
person1857@dummy.com,Forename-1857,Surname-1857
person1858@dummy.com,Forename-1858,Surname-1858
person1859@dummy.com,Forename-1859,Surname-1859
person1860@dummy.com,Forename-1860,Surname-1860
person1861@dummy.com,Forename-1861,Surname-1861
person1862@dummy.com,Forename-1862,Surname-1862
person1863@dummy.com,Forename-1863,Surname-1863
person1864@dummy.com,Forename-1864,Surname-1864
person1865@dummy.com,Forename-1865,Surname-1865
person1866@dummy.com,Forename-1866,Surname-1866
person1867@dummy.com,Forename-1867,Surname-1867
person1868@dummy.com,Forename-1868,Surname-1868
person1869@dummy.com,Forename-1869,Surname-1869
person1870@dummy.com,Forename-1870,Surname-1870
person1871@dummy.com,Forename-1871,Surname-1871
person1872@dummy.com,Forename-1872,Surname-1872
person1873@dummy.com,Forename-1873,Surname-1873
person1874@dummy.com,Forename-1874,Surname-1874
person1875@dummy.com,Forename-1875,Surname-1875
person1876@dummy.com,Forename-1876,Surname-1876
person1877@dummy.com,Forename-1877,Surname-1877
person1878@dummy.com,Forename-1878,Surname-1878
person1879@dummy.com,Forename-1879,Surname-1879
person1880@dummy.com,Forename-1880,Surname-1880
person1881@dummy.com,Forename-1881,Surname-1881
person1882@dummy.com,Forename-1882,Surname-1882
person1883@dummy.com,Forename-1883,Surname-1883
person1884@dummy.com,Forename-1884,Surname-1884
person1885@dummy.com,Forename-1885,Surname-1885
person1886@dummy.com,Forename-1886,Surname-1886
person1887@dummy.com,Forename-1887,Surname-1887
person1888@dummy.com,Forename-1888,Surname-1888
person1889@dummy.com,Forename-1889,Surname-1889
person1890@dummy.com,Forename-1890,Surname-1890
person1891@dummy.com,Forename-1891,Surname-1891
person1892@dummy.com,Forename-1892,Surname-1892
person1893@dummy.com,Forename-1893,Surname-1893
person1894@dummy.com,Forename-1894,Surname-1894
person1895@dummy.com,Forename-1895,Surname-1895
person1896@dummy.com,Forename-1896,Surname-1896
person1897@dummy.com,Forename-1897,Surname-1897
person1898@dummy.com,Forename-1898,Surname-1898
person1899@dummy.com,Forename-1899,Surname-1899
person1900@dummy.com,Forename-1900,Surname-1900
person1901@dummy.com,Forename-1901,Surname-1901
person1902@dummy.com,Forename-1902,Surname-1902
person1903@dummy.com,Forename-1903,Surname-1903
person1904@dummy.com,Forename-1904,Surname-1904
person1905@dummy.com,Forename-1905,Surname-1905
person1906@dummy.com,Forename-1906,Surname-1906
person1907@dummy.com,Forename-1907,Surname-1907
person1908@dummy.com,Forename-1908,Surname-1908
person1909@dummy.com,Forename-1909,Surname-1909
person1910@dummy.com,Forename-1910,Surname-1910
person1911@dummy.com,Forename-1911,Surname-1911
person1912@dummy.com,Forename-1912,Surname-1912
person1913@dummy.com,Forename-1913,Surname-1913
person1914@dummy.com,Forename-1914,Surname-1914
person1915@dummy.com,Forename-1915,Surname-1915
person1916@dummy.com,Forename-1916,Surname-1916
person1917@dummy.com,Forename-1917,Surname-1917
person1918@dummy.com,Forename-1918,Surname-1918
person1919@dummy.com,Forename-1919,Surname-1919
person1920@dummy.com,Forename-1920,Surname-1920
person1921@dummy.com,Forename-1921,Surname-1921
person1922@dummy.com,Forename-1922,Surname-1922
person1923@dummy.com,Forename-1923,Surname-1923
person1924@dummy.com,Forename-1924,Surname-1924
person1925@dummy.com,Forename-1925,Surname-1925
person1926@dummy.com,Forename-1926,Surname-1926
person1927@dummy.com,Forename-1927,Surname-1927
person1928@dummy.com,Forename-1928,Surname-1928
person1929@dummy.com,Forename-1929,Surname-1929
person1930@dummy.com,Forename-1930,Surname-1930
person1931@dummy.com,Forename-1931,Surname-1931
person1932@dummy.com,Forename-1932,Surname-1932
person1933@dummy.com,Forename-1933,Surname-1933
person1934@dummy.com,Forename-1934,Surname-1934
person1935@dummy.com,Forename-1935,Surname-1935
person1936@dummy.com,Forename-1936,Surname-1936
person1937@dummy.com,Forename-1937,Surname-1937
person1938@dummy.com,Forename-1938,Surname-1938
person1939@dummy.com,Forename-1939,Surname-1939
person1940@dummy.com,Forename-1940,Surname-1940
person1941@dummy.com,Forename-1941,Surname-1941
person1942@dummy.com,Forename-1942,Surname-1942
person1943@dummy.com,Forename-1943,Surname-1943
person1944@dummy.com,Forename-1944,Surname-1944
person1945@dummy.com,Forename-1945,Surname-1945
person1946@dummy.com,Forename-1946,Surname-1946
person1947@dummy.com,Forename-1947,Surname-1947
person1948@dummy.com,Forename-1948,Surname-1948
person1949@dummy.com,Forename-1949,Surname-1949
person1950@dummy.com,Forename-1950,Surname-1950
person1951@dummy.com,Forename-1951,Surname-1951
person1952@dummy.com,Forename-1952,Surname-1952
person1953@dummy.com,Forename-1953,Surname-1953
person1954@dummy.com,Forename-1954,Surname-1954
person1955@dummy.com,Forename-1955,Surname-1955
person1956@dummy.com,Forename-1956,Surname-1956
person1957@dummy.com,Forename-1957,Surname-1957
person1958@dummy.com,Forename-1958,Surname-1958
person1959@dummy.com,Forename-1959,Surname-1959
person1960@dummy.com,Forename-1960,Surname-1960
person1961@dummy.com,Forename-1961,Surname-1961
person1962@dummy.com,Forename-1962,Surname-1962
person1963@dummy.com,Forename-1963,Surname-1963
person1964@dummy.com,Forename-1964,Surname-1964
person1965@dummy.com,Forename-1965,Surname-1965
person1966@dummy.com,Forename-1966,Surname-1966
person1967@dummy.com,Forename-1967,Surname-1967
person1968@dummy.com,Forename-1968,Surname-1968
person1969@dummy.com,Forename-1969,Surname-1969
person1970@dummy.com,Forename-1970,Surname-1970
person1971@dummy.com,Forename-1971,Surname-1971
person1972@dummy.com,Forename-1972,Surname-1972
person1973@dummy.com,Forename-1973,Surname-1973
person1974@dummy.com,Forename-1974,Surname-1974
person1975@dummy.com,Forename-1975,Surname-1975
person1976@dummy.com,Forename-1976,Surname-1976
person1977@dummy.com,Forename-1977,Surname-1977
person1978@dummy.com,Forename-1978,Surname-1978
person1979@dummy.com,Forename-1979,Surname-1979
person1980@dummy.com,Forename-1980,Surname-1980
person1981@dummy.com,Forename-1981,Surname-1981
person1982@dummy.com,Forename-1982,Surname-1982
person1983@dummy.com,Forename-1983,Surname-1983
person1984@dummy.com,Forename-1984,Surname-1984
person1985@dummy.com,Forename-1985,Surname-1985
person1986@dummy.com,Forename-1986,Surname-1986
person1987@dummy.com,Forename-1987,Surname-1987
person1988@dummy.com,Forename-1988,Surname-1988
person1989@dummy.com,Forename-1989,Surname-1989
person1990@dummy.com,Forename-1990,Surname-1990
person1991@dummy.com,Forename-1991,Surname-1991
person1992@dummy.com,Forename-1992,Surname-1992
person1993@dummy.com,Forename-1993,Surname-1993
person1994@dummy.com,Forename-1994,Surname-1994
person1995@dummy.com,Forename-1995,Surname-1995
person1996@dummy.com,Forename-1996,Surname-1996
person1997@dummy.com,Forename-1997,Surname-1997
person1998@dummy.com,Forename-1998,Surname-1998
person1999@dummy.com,Forename-1999,Surname-1999
person2000@dummy.com,Forename-2000,Surname-2000